constructor_results_id,race_id,constructor_id,points,status
1,18,1,14.0,
2,18,2,8.0,
3,18,3,9.0,
4,18,4,5.0,
5,18,5,2.0,
6,18,6,1.0,
7,18,7,0.0,
8,18,8,0.0,
9,18,9,0.0,
10,18,10,0.0,
11,18,11,0.0,
12,19,6,10.0,
13,19,2,11.0,
14,19,1,10.0,
15,19,7,5.0,
16,19,9,2.0,
17,19,4,1.0,
18,19,11,0.0,
19,19,10,0.0,
20,19,3,0.0,
21,19,8,0.0,
22,19,5,0.0,
23,20,6,18.0,
24,20,2,11.0,
25,20,1,4.0,
26,20,7,3.0,
27,20,9,2.0,
28,20,3,1.0,
29,20,4,0.0,
30,20,11,0.0,
31,20,10,0.0,
32,20,5,0.0,
33,20,8,0.0,
34,21,6,18.0,
35,21,1,6.0,
36,21,2,5.0,
37,21,9,4.0,
38,21,11,3.0,
39,21,3,2.0,
40,21,7,1.0,
41,21,10,0.0,
42,21,8,0.0,
43,21,4,0.0,
44,21,5,0.0,
45,22,6,16.0,
46,22,1,8.0,
47,22,2,9.0,
48,22,4,3.0,
49,22,9,2.0,
50,22,3,1.0,
51,22,7,0.0,
52,22,11,0.0,
53,22,10,0.0,
54,22,5,0.0,
55,23,1,11.0,
56,23,2,8.0,
57,23,6,6.0,
58,23,9,5.0,
59,23,5,4.0,
60,23,11,3.0,
61,23,3,2.0,
62,23,4,0.0,
63,23,7,0.0,
64,23,10,0.0,
65,24,2,18.0,
66,24,9,6.0,
67,24,7,8.0,
68,24,6,4.0,
69,24,11,2.0,
70,24,5,1.0,
71,24,1,0.0,
72,24,3,0.0,
73,24,10,0.0,
74,24,4,0.0,
75,25,6,18.0,
76,25,7,6.0,
77,25,1,5.0,
78,25,2,4.0,
79,25,9,3.0,
80,25,4,3.0,
81,25,5,0.0,
82,25,11,0.0,
83,25,3,0.0,
84,25,10,0.0,
85,26,1,14.0,
86,26,2,8.0,
87,26,11,6.0,
88,26,6,5.0,
89,26,4,3.0,
90,26,7,2.0,
91,26,3,1.0,
92,26,9,0.0,
93,26,5,0.0,
94,26,10,0.0,
95,27,1,14.0,
96,27,4,8.0,
97,27,6,9.0,
98,27,2,7.0,
99,27,5,1.0,
100,27,7,0.0,
101,27,3,0.0,
102,27,9,0.0,
103,27,10,0.0,
104,27,11,0.0,
105,28,1,14.0,
106,28,7,10.0,
107,28,6,6.0,
108,28,4,8.0,
109,28,2,1.0,
110,28,9,0.0,
111,28,11,0.0,
112,28,3,0.0,
113,28,10,0.0,
114,28,5,0.0,
115,29,6,10.0,
116,29,1,13.0,
117,29,2,6.0,
118,29,7,6.0,
119,29,5,3.0,
120,29,3,1.0,
121,29,4,0.0,
122,29,9,0.0,
123,29,11,0.0,
124,29,10,0.0,
125,30,6,10.0,
126,30,2,11.0,
127,30,1,6.0,
128,30,4,5.0,
129,30,5,6.0,
130,30,9,1.0,
131,30,7,0.0,
132,30,3,0.0,
133,30,10,0.0,
134,30,11,0.0,
135,31,5,10.0,
136,31,1,10.0,
137,31,2,10.0,
138,31,4,5.0,
139,31,6,3.0,
140,31,9,1.0,
141,31,7,0.0,
142,31,3,0.0,
143,31,11,0.0,
144,31,10,0.0,
145,32,4,10.0,
146,32,3,9.0,
147,32,1,6.0,
148,32,7,5.0,
149,32,5,4.0,
150,32,2,3.0,
151,32,9,2.0,
152,32,11,0.0,
153,32,6,0.0,
154,32,10,0.0,
155,33,4,15.0,
156,33,2,8.0,
157,33,6,8.0,
158,33,7,4.0,
159,33,5,3.0,
160,33,9,1.0,
161,33,3,0.0,
162,33,1,0.0,
163,33,11,0.0,
164,33,10,0.0,
165,34,1,10.0,
166,34,6,14.0,
167,34,4,6.0,
168,34,2,7.0,
169,34,7,2.0,
170,34,5,0.0,
171,34,9,0.0,
172,34,11,0.0,
173,34,3,0.0,
174,34,10,0.0,
175,35,6,16.0,
176,35,4,8.0,
177,35,5,5.0,
178,35,1,6.0,
179,35,7,4.0,
180,35,9,0.0,
181,35,2,0.0,
182,35,3,0.0,
183,35,11,0.0,
184,35,10,0.0,
185,36,6,13.0,
186,36,1,14.0,D
187,36,2,5.0,
188,36,4,4.0,
189,36,3,2.0,
190,36,7,1.0,
191,36,11,0.0,
192,36,8,0.0,
193,36,9,0.0,
194,36,5,0.0,
195,36,12,0.0,
196,37,1,18.0,D
197,37,6,10.0,
198,37,2,5.0,
199,37,4,4.0,
200,37,7,2.0,
201,37,3,0.0,
202,37,9,0.0,
203,37,11,0.0,
204,37,8,0.0,
205,37,5,0.0,
206,37,12,0.0,
207,38,6,16.0,
208,38,1,12.0,D
209,38,2,8.0,
210,38,7,2.0,
211,38,4,1.0,
212,38,3,0.0,
213,38,11,0.0,
214,38,12,0.0,
215,38,8,0.0,
216,38,9,0.0,
217,38,5,0.0,
218,39,6,10.0,
219,39,1,14.0,D
220,39,2,5.0,
221,39,9,4.0,
222,39,3,3.0,
223,39,4,2.0,
224,39,8,1.0,
225,39,11,0.0,
226,39,12,0.0,
227,39,7,0.0,
228,39,5,0.0,
229,40,1,18.0,D
230,40,6,7.0,
231,40,4,5.0,
232,40,2,7.0,
233,40,3,2.0,
234,40,5,0.0,
235,40,11,0.0,
236,40,9,0.0,
237,40,7,0.0,
238,40,8,0.0,
239,40,12,0.0,
240,41,1,12.0,D
241,41,2,8.0,
242,41,3,6.0,
243,41,4,5.0,
244,41,6,4.0,
245,41,8,3.0,
246,41,7,1.0,
247,41,9,0.0,
248,41,11,0.0,
249,41,5,0.0,
250,41,12,0.0,
251,42,1,18.0,D
252,42,6,11.0,
253,42,4,4.0,
254,42,7,3.0,
255,42,9,2.0,
256,42,2,1.0,
257,42,3,0.0,
258,42,8,0.0,
259,42,11,0.0,
260,42,5,0.0,
261,42,12,0.0,
262,43,6,18.0,
263,43,1,8.0,D
264,43,2,9.0,
265,43,4,3.0,
266,43,11,1.0,
267,43,3,0.0,
268,43,7,0.0,
269,43,9,0.0,
270,43,8,0.0,
271,43,12,0.0,
272,43,5,0.0,
273,44,6,14.0,
274,44,1,14.0,D
275,44,2,8.0,
276,44,4,3.0,
277,44,11,0.0,
278,44,9,0.0,
279,44,3,0.0,
280,44,8,0.0,
281,44,12,0.0,
282,44,5,0.0,
283,44,7,0.0,
284,45,1,10.0,D
285,45,6,8.0,
286,45,9,10.0,
287,45,3,5.0,
288,45,2,5.0,
289,45,4,1.0,
290,45,11,0.0,
291,45,8,0.0,
292,45,7,0.0,
293,45,12,0.0,
294,45,5,0.0,
295,46,1,15.0,D
296,46,6,8.0,
297,46,2,10.0,
298,46,7,3.0,
299,46,3,2.0,
300,46,4,1.0,
301,46,9,0.0,
302,46,8,0.0,
303,46,5,0.0,
304,46,12,0.0,
305,46,11,0.0,
306,47,6,18.0,
307,47,1,10.0,D
308,47,2,6.0,
309,47,4,3.0,
310,47,3,2.0,
311,47,9,0.0,
312,47,7,0.0,
313,47,11,0.0,
314,47,8,0.0,
315,47,5,0.0,
316,47,12,0.0,
317,48,1,18.0,D
318,48,6,6.0,
319,48,2,9.0,
320,48,3,3.0,
321,48,4,2.0,
322,48,11,1.0,
323,48,9,0.0,
324,48,7,0.0,
325,48,8,0.0,
326,48,5,0.0,
327,48,12,0.0,
328,49,6,18.0,
329,49,1,11.0,D
330,49,2,4.0,
331,49,3,3.0,
332,49,9,2.0,
333,49,4,1.0,
334,49,7,0.0,
335,49,5,0.0,
336,49,11,0.0,
337,49,12,0.0,
338,49,8,0.0,
339,50,1,10.0,D
340,50,4,12.0,
341,50,6,9.0,
342,50,9,5.0,
343,50,2,2.0,
344,50,12,1.0,
345,50,5,0.0,
346,50,11,0.0,
347,50,7,0.0,
348,50,8,0.0,
349,50,3,0.0,
350,51,6,16.0,
351,51,1,8.0,D
352,51,5,8.0,
353,51,11,4.0,
354,51,2,2.0,
355,51,9,1.0,
356,51,4,0.0,
357,51,3,0.0,
358,51,7,0.0,
359,51,8,0.0,
360,51,12,0.0,
361,52,6,18.0,
362,52,1,8.0,D
363,52,3,5.0,
364,52,2,7.0,
365,52,7,1.0,
366,52,9,0.0,
367,52,8,0.0,
368,52,5,0.0,
369,52,12,0.0,
370,52,11,0.0,
371,52,4,0.0,
372,53,4,10.0,
373,53,6,8.0,
374,53,1,10.0,
375,53,11,5.0,
376,53,3,5.0,
377,53,9,1.0,
378,53,5,0.0,
379,53,2,0.0,
380,53,7,0.0,
381,53,13,0.0,
382,53,8,0.0,
383,54,4,18.0,
384,54,11,6.0,
385,54,1,5.0,
386,54,6,7.0,
387,54,2,2.0,
388,54,7,1.0,
389,54,5,0.0,
390,54,13,0.0,
391,54,8,0.0,
392,54,9,0.0,
393,54,3,0.0,
394,55,4,14.0,
395,55,1,8.0,
396,55,7,6.0,
397,55,2,8.0,
398,55,11,2.0,
399,55,9,1.0,
400,55,5,0.0,
401,55,13,0.0,
402,55,8,0.0,
403,55,6,0.0,
404,55,3,0.0,
405,56,6,15.0,
406,56,4,9.0,
407,56,1,10.0,
408,56,3,3.0,
409,56,11,2.0,
410,56,7,0.0,
411,56,2,0.0,
412,56,5,0.0,
413,56,13,0.0,
414,56,9,0.0,
415,56,8,0.0,
416,57,6,16.0,
417,57,4,11.0,
418,57,1,5.0,
419,57,11,4.0,
420,57,3,2.0,
421,57,2,1.0,
422,57,7,0.0,
423,57,5,0.0,
424,57,13,0.0,
425,57,8,0.0,
426,57,9,0.0,
427,58,4,16.0,
428,58,6,13.0,
429,58,1,4.0,
430,58,11,5.0,
431,58,2,1.0,
432,58,3,0.0,
433,58,7,0.0,
434,58,9,0.0,
435,58,5,0.0,
436,58,13,0.0,
437,58,8,0.0,
438,59,4,13.0,
439,59,1,8.0,
440,59,9,6.0,
441,59,11,5.0,
442,59,6,4.0,
443,59,2,2.0,
444,59,7,1.0,
445,59,5,0.0,
446,59,13,0.0,
447,59,8,0.0,
448,59,3,0.0,
449,60,4,15.0,
450,60,6,12.0,
451,60,1,9.0,
452,60,2,3.0,
453,60,3,0.0,
454,60,11,0.0,
455,60,7,0.0,
456,60,9,0.0,
457,60,5,0.0,
458,60,13,0.0,
459,60,8,0.0,
460,61,4,15.0,
461,61,6,12.0,
462,61,1,6.0,
463,61,7,3.0,
464,61,2,2.0,
465,61,9,1.0,
466,61,11,0.0,
467,61,5,0.0,
468,61,3,0.0,
469,61,13,0.0,
470,61,8,0.0,
471,62,6,18.0,
472,62,4,10.0,
473,62,7,5.0,
474,62,11,3.0,
475,62,9,2.0,
476,62,5,1.0,
477,62,3,0.0,
478,62,13,0.0,
479,62,2,0.0,
480,62,8,0.0,
481,62,1,0.0,
482,63,6,16.0,
483,63,4,11.0,
484,63,7,5.0,
485,63,1,6.0,
486,63,2,1.0,
487,63,9,0.0,
488,63,5,0.0,
489,63,3,0.0,
490,63,13,0.0,
491,63,8,0.0,
492,63,11,0.0,
493,64,6,18.0,
494,64,1,6.0,
495,64,11,5.0,
496,64,4,7.0,
497,64,7,2.0,
498,64,9,1.0,
499,64,5,0.0,
500,64,3,0.0,
501,64,8,0.0,
502,64,2,0.0,
503,64,13,0.0,
504,65,11,15.0,
505,65,1,8.0,
506,65,2,6.0,
507,65,9,4.0,
508,65,7,3.0,
509,65,6,3.0,
510,65,13,0.0,
511,65,5,0.0,
512,65,8,0.0,
513,65,4,0.0,
514,65,3,0.0,
515,66,6,16.0,
516,66,4,11.0,
517,66,11,6.0,
518,66,1,4.0,
519,66,7,2.0,
520,66,3,0.0,
521,66,9,0.0,
522,66,2,0.0,
523,66,5,0.0,
524,66,13,0.0,
525,66,8,0.0,
526,67,6,10.0,
527,67,1,8.0,
528,67,2,7.0,
529,67,4,5.0,
530,67,11,7.0,
531,67,7,2.0,
532,67,3,0.0,
533,67,9,0.0,
534,67,5,0.0,
535,67,8,0.0,
536,67,14,0.0,
537,68,6,10.0,
538,68,4,14.0,
539,68,11,8.0,
540,68,1,4.0,
541,68,2,2.0,
542,68,3,1.0,
543,68,9,0.0,
544,68,5,0.0,
545,68,14,0.0,
546,68,8,0.0,
547,68,7,0.0,
548,69,4,16.0,
549,69,6,8.0,
550,69,11,5.0,
551,69,1,4.0,
552,69,7,5.0,
553,69,2,1.0,
554,69,3,0.0,
555,69,9,0.0,
556,69,5,0.0,
557,69,8,0.0,
558,69,14,0.0,
559,70,6,15.0,
560,70,4,11.0,
561,70,11,8.0,
562,70,1,5.0,
563,70,2,0.0,
564,70,8,0.0,
565,70,5,0.0,
566,70,9,0.0,
567,70,14,0.0,
568,70,7,0.0,
569,70,3,0.0,
570,71,4,16.0,
571,71,6,8.0,
572,71,9,7.0,
573,71,3,4.0,
574,71,1,4.0,
575,71,7,0.0,
576,71,15,0.0,
577,71,16,0.0,
578,71,17,0.0,
579,71,18,0.0,
580,72,4,10.0,
581,72,7,12.0,
582,72,3,6.0,
583,72,1,5.0,
584,72,9,4.0,
585,72,6,2.0,
586,72,15,0.0,
587,72,17,0.0,
588,72,18,0.0,
589,72,16,0.0,
590,73,4,10.0,
591,73,7,13.0,
592,73,1,10.0,
593,73,3,3.0,
594,73,15,2.0,
595,73,9,1.0,
596,73,6,0.0,
597,73,17,0.0,
598,73,18,0.0,
599,73,16,0.0,
600,74,4,10.0,
601,74,6,8.0,
602,74,1,6.0,
603,74,15,5.0,
604,74,7,4.0,
605,74,3,5.0,
606,74,9,1.0,
607,74,17,0.0,
608,74,18,0.0,
609,74,16,0.0,
610,75,1,12.0,
611,75,4,12.0,
612,75,7,11.0,
613,75,3,3.0,
614,75,9,1.0,
615,75,6,0.0,
616,75,15,0.0,
617,75,17,0.0,
618,75,18,0.0,
619,76,1,14.0,
620,76,3,14.0,
621,76,4,5.0,
622,76,7,3.0,
623,76,6,3.0,
624,76,15,0.0,
625,76,17,0.0,
626,76,18,0.0,
627,76,9,0.0,
628,77,4,13.0,
629,77,3,8.0,
630,77,6,10.0,
631,77,9,5.0,
632,77,1,2.0,
633,77,7,1.0,
634,77,16,0.0,
635,77,15,0.0,
636,77,17,0.0,
637,77,18,0.0,
638,78,1,10.0,
639,78,6,14.0,
640,78,15,5.0,
641,78,3,4.0,
642,78,7,3.0,
643,78,9,3.0,
644,78,17,0.0,
645,78,18,0.0,
646,78,16,0.0,
647,78,4,0.0,
648,79,6,18.0,
649,79,17,11.0,
650,79,18,7.0,
651,79,7,0.0,
652,79,1,0.0,
653,79,16,0.0,
654,79,4,0.0,
655,79,3,0.0,
656,79,15,0.0,
657,79,9,0.0,
658,80,4,13.0,
659,80,1,8.0,
660,80,6,6.0,
661,80,16,5.0,
662,80,7,6.0,
663,80,15,1.0,
664,80,9,0.0,
665,80,3,0.0,
666,80,17,0.0,
667,80,18,0.0,
668,81,1,16.0,
669,81,4,13.0,
670,81,16,4.0,
671,81,6,5.0,
672,81,7,1.0,
673,81,15,0.0,
674,81,3,0.0,
675,81,9,0.0,
676,81,17,0.0,
677,81,18,0.0,
678,82,4,15.0,
679,82,1,8.0,
680,82,16,6.0,
681,82,6,4.0,
682,82,7,3.0,
683,82,9,2.0,
684,82,15,1.0,
685,82,3,0.0,
686,82,18,0.0,
687,82,17,0.0,
688,83,1,10.0,
689,83,6,8.0,
690,83,7,11.0,
691,83,16,5.0,
692,83,3,5.0,
693,83,4,0.0,
694,83,17,0.0,
695,83,15,0.0,
696,83,18,0.0,
697,83,9,0.0,
698,84,1,16.0,
699,84,4,13.0,
700,84,16,4.0,
701,84,7,3.0,
702,84,9,3.0,
703,84,6,0.0,
704,84,15,0.0,
705,84,18,0.0,
706,84,17,0.0,
707,84,3,0.0,
708,85,1,15.0,
709,85,4,14.0,
710,85,7,7.0,
711,85,3,2.0,
712,85,16,1.0,
713,85,15,0.0,
714,85,6,0.0,
715,85,9,0.0,
716,85,17,0.0,
717,85,18,0.0,
718,86,1,10.0,
719,86,4,8.0,
720,86,16,6.0,
721,86,3,5.0,
722,86,6,4.0,
723,86,15,3.0,
724,86,7,2.0,
725,86,17,1.0,
726,86,9,0.0,
727,86,18,0.0,
728,87,1,18.0,
729,87,4,10.0,
730,87,6,8.0,
731,87,16,2.0,
732,87,7,1.0,
733,87,9,0.0,
734,87,15,0.0,
735,87,18,0.0,
736,87,17,0.0,
737,87,3,0.0,
738,88,1,10.0,
739,88,4,14.0,
740,88,3,5.0,
741,88,16,4.0,
742,88,9,3.0,
743,88,6,2.0,
744,88,7,1.0,
745,88,15,0.0,
746,88,17,0.0,
747,88,18,0.0,
748,89,4,15.0,
749,89,1,8.0,
750,89,7,6.0,
751,89,9,4.0,
752,89,15,3.0,
753,89,3,2.0,
754,89,16,1.0,
755,89,17,0.0,
756,89,6,0.0,
757,89,18,0.0,
758,90,6,18.0,
759,90,4,8.0,
760,90,3,9.0,
761,90,16,3.0,
762,90,1,1.0,
763,90,15,0.0,
764,90,19,0.0,
765,90,7,0.0,
766,90,17,0.0,
767,90,18,0.0,
768,91,6,15.0,
769,91,3,8.0,
770,91,16,6.0,
771,91,4,6.0,
772,91,1,3.0,
773,91,15,1.0,
774,91,7,0.0,
775,91,19,0.0,
776,91,17,0.0,
777,91,18,0.0,
778,92,6,18.0,
779,92,16,10.0,
780,92,4,8.0,
781,92,3,2.0,
782,92,19,1.0,
783,92,7,0.0,
784,92,15,0.0,
785,92,17,0.0,
786,92,18,0.0,
787,92,1,0.0,
788,93,6,13.0,
789,93,16,8.0,
790,93,3,8.0,
791,93,4,9.0,
792,93,1,1.0,
793,93,15,0.0,
794,93,7,0.0,
795,93,19,0.0,
796,93,18,0.0,
797,93,17,0.0,
798,94,6,18.0,
799,94,4,11.0,
800,94,16,5.0,
801,94,3,3.0,
802,94,15,2.0,
803,94,1,0.0,
804,94,19,0.0,
805,94,7,0.0,
806,94,17,0.0,
807,94,18,0.0,
808,95,4,10.0,
809,95,16,8.0,
810,95,6,6.0,
811,95,3,5.0,
812,95,15,4.0,
813,95,7,4.0,
814,95,17,2.0,
815,95,18,0.0,
816,95,1,0.0,
817,95,19,0.0,
818,96,6,18.0,
819,96,16,6.0,
820,96,4,9.0,
821,96,15,3.0,
822,96,19,2.0,
823,96,3,1.0,
824,96,17,0.0,
825,96,7,0.0,
826,96,18,0.0,
827,96,1,0.0,
828,97,6,18.0,
829,97,16,6.0,
830,97,15,5.0,
831,97,1,7.0,
832,97,17,3.0,
833,97,19,0.0,
834,97,18,0.0,
835,97,4,0.0,
836,97,3,0.0,
837,97,7,0.0,
838,98,6,18.0,
839,98,16,6.0,
840,98,4,5.0,
841,98,7,4.0,
842,98,1,5.0,
843,98,18,1.0,
844,98,15,0.0,
845,98,19,0.0,
846,98,3,0.0,
847,98,17,0.0,
848,99,6,16.0,
849,99,4,13.0,
850,99,16,4.0,
851,99,1,5.0,
852,99,3,1.0,
853,99,19,0.0,
854,99,15,0.0,
855,99,7,0.0,
856,99,17,0.0,
857,99,18,0.0,
858,100,6,16.0,
859,100,1,10.0,
860,100,16,5.0,
861,100,3,4.0,
862,100,15,3.0,
863,100,19,1.0,
864,100,4,0.0,
865,100,7,0.0,
866,100,17,0.0,
867,100,18,0.0,
868,101,6,10.0,
869,101,16,9.0,
870,101,4,6.0,
871,101,1,5.0,
872,101,3,6.0,
873,101,19,3.0,
874,101,15,0.0,
875,101,7,0.0,
876,101,17,0.0,
877,101,18,0.0,
878,102,6,18.0,
879,102,4,6.0,
880,102,3,7.0,
881,102,16,7.0,
882,102,15,1.0,
883,102,1,0.0,
884,102,19,0.0,
885,102,7,0.0,
886,102,17,0.0,
887,102,18,0.0,
888,103,1,12.0,
889,103,6,14.0,
890,103,15,9.0,
891,103,19,3.0,
892,103,7,1.0,
893,103,4,0.0,
894,103,17,0.0,
895,103,3,0.0,
896,103,16,0.0,
897,103,18,0.0,
898,104,6,18.0,
899,104,16,11.0,
900,104,3,6.0,
901,104,1,3.0,
902,104,15,1.0,
903,104,19,0.0,
904,104,4,0.0,
905,104,7,0.0,
906,104,17,0.0,
907,104,18,0.0,
908,105,6,10.0,
909,105,16,11.0,
910,105,1,6.0,
911,105,4,5.0,
912,105,3,4.0,
913,105,15,3.0,
914,105,19,0.0,
915,105,17,0.0,
916,105,7,0.0,
917,105,18,0.0,
918,106,6,10.0,
919,106,3,10.0,
920,106,16,11.0,
921,106,4,4.0,
922,106,1,3.0,
923,106,15,1.0,
924,106,7,0.0,
925,106,19,0.0,
926,106,17,0.0,
927,106,18,0.0,
928,107,3,14.0,
929,107,1,8.0,
930,107,6,8.0,
931,107,4,5.0,
932,107,16,3.0,
933,107,15,1.0,
934,107,7,0.0,
935,107,19,0.0,
936,107,17,0.0,
937,107,18,0.0,
938,108,1,16.0,
939,108,3,9.0,
940,108,6,5.0,
941,108,4,6.0,
942,108,15,3.0,
943,108,16,0.0,
944,108,18,0.0,
945,108,17,0.0,
946,108,19,0.0,
947,108,7,0.0,
948,109,1,10.0,
949,109,6,11.0,
950,109,4,10.0,
951,109,3,5.0,
952,109,16,2.0,
953,109,15,1.0,
954,109,17,0.0,
955,109,7,0.0,
956,109,18,0.0,
957,109,19,0.0,
958,110,17,10.0,
959,110,1,13.0,
960,110,4,7.0,
961,110,15,4.0,
962,110,16,3.0,
963,110,3,2.0,
964,110,19,0.0,
965,110,7,0.0,
966,110,6,0.0,
967,110,18,0.0,
968,111,6,16.0,
969,111,1,12.0,
970,111,3,7.0,
971,111,4,3.0,
972,111,16,1.0,
973,111,7,0.0,
974,111,15,0.0,
975,111,19,0.0,
976,111,17,0.0,
977,111,18,0.0,
978,112,6,16.0,
979,112,4,8.0,
980,112,3,9.0,
981,112,7,3.0,
982,112,19,2.0,
983,112,17,1.0,
984,112,16,0.0,
985,112,15,0.0,
986,112,18,0.0,
987,112,1,0.0,
988,113,6,16.0,
989,113,1,12.0,
990,113,16,5.0,
991,113,3,3.0,
992,113,19,2.0,
993,113,4,1.0,
994,113,7,0.0,
995,113,17,0.0,
996,113,18,0.0,
997,113,15,0.0,
998,114,3,15.0,
999,114,1,10.0,
1000,114,6,7.0,
1001,114,4,7.0,
1002,114,7,0.0,
1003,114,17,0.0,
1004,114,15,0.0,
1005,114,16,0.0,
1006,114,18,0.0,
1007,114,19,0.0,
1008,115,6,14.0,
1009,115,3,14.0,
1010,115,4,5.0,
1011,115,1,3.0,
1012,115,19,2.0,
1013,115,7,1.0,
1014,115,18,0.0,
1015,115,16,0.0,
1016,115,15,0.0,
1017,115,17,0.0,
1018,116,3,18.0,
1019,116,6,10.0,
1020,116,4,5.0,
1021,116,19,3.0,
1022,116,16,2.0,
1023,116,15,1.0,
1024,116,17,0.0,
1025,116,18,0.0,
1026,116,1,0.0,
1027,116,7,0.0,
1028,117,3,18.0,
1029,117,6,8.0,
1030,117,1,9.0,
1031,117,19,3.0,
1032,117,7,1.0,
1033,117,16,0.0,
1034,117,15,0.0,
1035,117,18,0.0,
1036,117,17,0.0,
1037,117,4,0.0,
1038,118,6,15.0,
1039,118,3,8.0,
1040,118,1,10.0,
1041,118,4,3.0,
1042,118,7,2.0,
1043,118,16,1.0,
1044,118,15,0.0,
1045,118,17,0.0,
1046,118,19,0.0,
1047,118,18,0.0,
1048,119,3,10.0,
1049,119,1,8.0,
1050,119,4,11.0,
1051,119,7,7.0,
1052,119,6,2.0,
1053,119,16,1.0,
1054,119,15,0.0,
1055,119,19,0.0,
1056,119,18,0.0,
1057,119,17,0.0,
1058,120,4,12.0,
1059,120,1,12.0,
1060,120,3,11.0,
1061,120,19,3.0,
1062,120,6,1.0,
1063,120,15,0.0,
1064,120,16,0.0,
1065,120,7,0.0,
1066,120,18,0.0,
1067,120,17,0.0,
1068,121,6,16.0,
1069,121,3,12.0,
1070,121,1,5.0,
1071,121,16,3.0,
1072,121,19,2.0,
1073,121,4,1.0,
1074,121,15,0.0,
1075,121,17,0.0,
1076,121,18,0.0,
1077,121,7,0.0,
1078,122,6,10.0,
1079,122,1,8.0,
1080,122,15,10.0,
1081,122,4,5.0,
1082,122,3,3.0,
1083,122,17,2.0,
1084,122,19,1.0,
1085,122,7,0.0,
1086,122,18,0.0,
1087,122,16,0.0,
1088,123,6,11.0,
1089,123,1,14.0,
1090,123,16,8.0,
1091,123,4,4.0,
1092,123,7,2.0,
1093,123,15,0.0,
1094,123,19,0.0,
1095,123,3,0.0,
1096,123,17,0.0,
1097,123,18,0.0,
1098,124,6,10.0,
1099,124,3,6.0,
1100,124,1,4.0,
1101,124,19,3.0,
1102,124,18,2.0,
1103,124,7,1.0,
1104,124,16,0.0,
1105,124,21,0.0,
1106,124,17,0.0,
1107,124,4,0.0,
1108,124,15,0.0,
1109,125,3,16.0,
1110,125,6,4.0,
1111,125,4,3.0,
1112,125,15,3.0,
1113,125,7,0.0,
1114,125,16,0.0,
1115,125,17,0.0,
1116,125,19,0.0,
1117,125,21,0.0,
1118,125,18,0.0,
1119,125,1,0.0,
1120,126,6,10.0,
1121,126,3,8.0,
1122,126,1,4.0,
1123,126,4,3.0,
1124,126,7,1.0,
1125,126,19,0.0,
1126,126,17,0.0,
1127,126,16,0.0,
1128,126,18,0.0,
1129,126,15,0.0,
1130,126,21,0.0,
1131,127,6,16.0,
1132,127,3,7.0,
1133,127,4,2.0,
1134,127,1,1.0,
1135,127,16,0.0,
1136,127,15,0.0,
1137,127,18,0.0,
1138,127,21,0.0,
1139,127,19,0.0,
1140,127,7,0.0,
1141,127,17,0.0,
1142,128,6,10.0,
1143,128,3,6.0,
1144,128,1,4.0,
1145,128,15,5.0,
1146,128,21,1.0,
1147,128,16,0.0,
1148,128,7,0.0,
1149,128,4,0.0,
1150,128,19,0.0,
1151,128,17,0.0,
1152,128,18,0.0,
1153,129,6,16.0,
1154,129,3,7.0,
1155,129,17,2.0,
1156,129,1,1.0,
1157,129,4,0.0,
1158,129,7,0.0,
1159,129,16,0.0,
1160,129,21,0.0,
1161,129,18,0.0,
1162,129,19,0.0,
1163,129,15,0.0,
1164,130,1,10.0,
1165,130,6,6.0,
1166,130,3,4.0,
1167,130,4,3.0,
1168,130,17,2.0,
1169,130,21,1.0,
1170,130,15,0.0,
1171,130,19,0.0,
1172,130,18,0.0,
1173,130,7,0.0,
1174,130,16,0.0,
1175,131,6,14.0,
1176,131,1,9.0,
1177,131,17,2.0,
1178,131,4,1.0,
1179,131,3,0.0,
1180,131,16,0.0,
1181,131,15,0.0,
1182,131,18,0.0,
1183,131,21,0.0,
1184,131,7,0.0,
1185,131,19,0.0,
1186,132,6,16.0,
1187,132,1,4.0,
1188,132,3,3.0,
1189,132,4,2.0,
1190,132,15,1.0,
1191,132,16,0.0,
1192,132,19,0.0,
1193,132,21,0.0,
1194,132,7,0.0,
1195,132,18,0.0,
1196,132,17,0.0,
1197,133,6,16.0,
1198,133,3,4.0,
1199,133,16,5.0,
1200,133,15,1.0,
1201,133,17,0.0,
1202,133,1,0.0,
1203,133,19,0.0,
1204,133,4,0.0,
1205,133,21,0.0,
1206,133,7,0.0,
1207,133,18,0.0,
1208,134,6,10.0,
1209,134,1,10.0,
1210,134,3,5.0,
1211,134,4,1.0,
1212,134,15,0.0,
1213,134,18,0.0,
1214,134,19,0.0,
1215,134,7,0.0,
1216,134,16,0.0,
1217,134,17,0.0,
1218,134,21,0.0,
1219,135,6,13.0,
1220,135,3,10.0,
1221,135,1,2.0,
1222,135,15,1.0,
1223,135,17,0.0,
1224,135,7,0.0,
1225,135,19,0.0,
1226,135,21,0.0,
1227,135,16,0.0,
1228,135,4,0.0,
1229,135,18,0.0,
1230,136,6,16.0,
1231,136,3,4.0,
1232,136,1,5.0,
1233,136,17,1.0,
1234,136,15,0.0,
1235,136,4,0.0,
1236,136,16,0.0,
1237,136,19,0.0,
1238,136,7,0.0,
1239,136,18,0.0,
1240,137,6,16.0,
1241,137,3,6.0,
1242,137,1,3.0,
1243,137,19,1.0,
1244,137,7,0.0,
1245,137,16,0.0,
1246,137,15,0.0,
1247,137,17,0.0,
1248,137,4,0.0,
1249,137,18,0.0,
1250,138,6,16.0,
1251,138,19,4.0,
1252,138,4,5.0,
1253,138,16,1.0,
1254,138,1,0.0,
1255,138,17,0.0,
1256,138,15,0.0,
1257,138,7,0.0,
1258,138,18,0.0,
1259,138,3,0.0,
1260,139,6,16.0,
1261,139,1,4.0,
1262,139,3,3.0,
1263,139,4,2.0,
1264,139,16,1.0,
1265,139,17,0.0,
1266,139,15,0.0,
1267,139,19,0.0,
1268,139,7,0.0,
1269,139,18,0.0,
1270,140,6,16.0,
1271,140,1,4.0,
1272,140,3,3.0,
1273,140,17,2.0,
1274,140,4,1.0,
1275,140,15,0.0,
1276,140,7,0.0,
1277,140,19,0.0,
1278,140,18,0.0,
1279,140,16,0.0,
1280,141,6,14.0,
1281,141,1,6.0,
1282,141,15,4.0,
1283,141,17,2.0,
1284,141,16,0.0,
1285,141,19,0.0,
1286,141,20,0.0,
1287,141,21,0.0,
1288,141,18,0.0,
1289,141,22,0.0,
1290,141,3,0.0,
1291,142,6,16.0,
1292,142,1,5.0,
1293,142,17,3.0,
1294,142,3,2.0,
1295,142,21,0.0,
1296,142,20,0.0,
1297,142,19,0.0,
1298,142,22,0.0,
1299,142,18,0.0,
1300,142,16,0.0,
1301,142,15,0.0,
1302,143,1,10.0,
1303,143,6,6.0,
1304,143,15,4.0,
1305,143,16,3.0,
1306,143,17,2.0,
1307,143,22,1.0,
1308,143,20,0.0,
1309,143,18,0.0,
1310,143,3,0.0,
1311,143,19,0.0,
1312,143,21,0.0,
1313,144,3,10.0,
1314,144,1,9.0,
1315,144,6,4.0,
1316,144,17,3.0,
1317,144,15,0.0,
1318,144,16,0.0,
1319,144,20,0.0,
1320,144,21,0.0,
1321,144,19,0.0,
1322,144,22,0.0,
1323,144,18,0.0,
1324,145,6,10.0,
1325,145,3,6.0,
1326,145,16,4.0,
1327,145,17,3.0,
1328,145,1,2.0,
1329,145,15,1.0,
1330,145,20,0.0,
1331,145,21,0.0,
1332,145,18,0.0,
1333,145,22,0.0,
1334,145,19,0.0,
1335,146,1,10.0,
1336,146,6,10.0,
1337,146,15,3.0,
1338,146,16,2.0,
1339,146,21,1.0,
1340,146,19,0.0,
1341,146,20,0.0,
1342,146,22,0.0,
1343,146,3,0.0,
1344,146,18,0.0,
1345,146,17,0.0,
1346,147,6,16.0,
1347,147,19,4.0,
1348,147,16,3.0,
1349,147,1,2.0,
1350,147,20,1.0,
1351,147,22,0.0,
1352,147,21,0.0,
1353,147,15,0.0,
1354,147,3,0.0,
1355,147,18,0.0,
1356,147,17,0.0,
1357,148,3,10.0,
1358,148,6,6.0,
1359,148,1,4.0,
1360,148,15,3.0,
1361,148,20,2.0,
1362,148,19,1.0,
1363,148,17,0.0,
1364,148,18,0.0,
1365,148,21,0.0,
1366,148,16,0.0,
1367,148,22,0.0,
1368,149,6,12.0,
1369,149,3,9.0,
1370,149,1,5.0,
1371,149,19,0.0,
1372,149,16,0.0,
1373,149,15,0.0,
1374,149,22,0.0,
1375,149,20,0.0,
1376,149,18,0.0,
1377,149,21,0.0,
1378,149,17,0.0,
1379,150,6,14.0,
1380,150,3,6.0,
1381,150,1,3.0,
1382,150,17,2.0,
1383,150,15,1.0,
1384,150,16,0.0,
1385,150,20,0.0,
1386,150,22,0.0,
1387,150,21,0.0,
1388,150,19,0.0,
1389,150,18,0.0,
1390,151,1,10.0,
1391,151,6,10.0,
1392,151,3,3.0,
1393,151,15,3.0,
1394,151,17,0.0,
1395,151,16,0.0,
1396,151,19,0.0,
1397,151,21,0.0,
1398,151,20,0.0,
1399,151,22,0.0,
1400,151,18,0.0,
1401,152,3,10.0,
1402,152,6,6.0,
1403,152,16,4.0,
1404,152,22,5.0,
1405,152,20,1.0,
1406,152,21,0.0,
1407,152,18,0.0,
1408,152,17,0.0,
1409,152,1,0.0,
1410,152,15,0.0,
1411,152,19,0.0,
1412,153,6,16.0,
1413,153,1,6.0,
1414,153,3,3.0,
1415,153,15,1.0,
1416,153,16,0.0,
1417,153,17,0.0,
1418,153,19,0.0,
1419,153,21,0.0,
1420,153,22,0.0,
1421,153,20,0.0,
1422,153,18,0.0,
1423,154,6,12.0,
1424,154,1,9.0,
1425,154,22,4.0,
1426,154,17,1.0,
1427,154,3,0.0,
1428,154,16,0.0,
1429,154,20,0.0,
1430,154,21,0.0,
1431,154,18,0.0,
1432,154,19,0.0,
1433,154,15,0.0,
1434,155,3,14.0,
1435,155,6,9.0,
1436,155,19,2.0,
1437,155,16,1.0,
1438,155,15,0.0,
1439,155,17,0.0,
1440,155,22,0.0,
1441,155,20,0.0,
1442,155,18,0.0,
1443,155,21,0.0,
1444,155,1,0.0,
1445,156,1,14.0,
1446,156,6,6.0,
1447,156,17,3.0,
1448,156,19,2.0,
1449,156,15,1.0,
1450,156,22,0.0,
1451,156,20,0.0,
1452,156,16,0.0,
1453,156,21,0.0,
1454,156,3,0.0,
1455,156,18,0.0,
1456,157,6,12.0,
1457,157,3,7.0,
1458,157,1,7.0,
1459,157,22,0.0,
1460,157,17,0.0,
1461,157,15,0.0,
1462,157,16,0.0,
1463,157,18,0.0,
1464,157,20,0.0,
1465,157,21,0.0,
1466,157,19,0.0,
1467,158,6,16.0,
1468,158,3,4.0,
1469,158,16,4.0,
1470,158,22,2.0,
1471,158,18,0.0,
1472,158,20,0.0,
1473,158,15,0.0,
1474,158,17,0.0,
1475,158,1,0.0,
1476,158,21,0.0,
1477,158,19,0.0,
1478,159,6,10.0,
1479,159,22,6.0,
1480,159,17,7.0,
1481,159,3,3.0,
1482,159,21,0.0,
1483,159,16,0.0,
1484,159,18,0.0,
1485,159,1,0.0,
1486,159,19,0.0,
1487,159,20,0.0,
1488,159,15,0.0,
1489,160,6,13.0,
1490,160,1,10.0,
1491,160,16,2.0,
1492,160,15,1.0,
1493,160,19,0.0,
1494,160,22,0.0,
1495,160,18,0.0,
1496,160,21,0.0,
1497,160,17,0.0,
1498,160,3,0.0,
1499,160,20,0.0,
1500,161,1,16.0,
1501,161,6,4.0,
1502,161,3,5.0,
1503,161,17,1.0,
1504,161,22,0.0,
1505,161,15,0.0,
1506,161,20,0.0,
1507,161,19,0.0,
1508,161,18,0.0,
1509,161,16,0.0,
1510,161,21,0.0,
1511,162,1,16.0,
1512,162,6,6.0,
1513,162,3,3.0,
1514,162,17,1.0,
1515,162,15,0.0,
1516,162,16,0.0,
1517,162,22,0.0,
1518,162,19,0.0,
1519,162,18,0.0,
1520,162,20,0.0,
1521,162,21,0.0,
1522,163,6,13.0,
1523,163,1,10.0,
1524,163,22,2.0,
1525,163,21,1.0,
1526,163,15,0.0,
1527,163,18,0.0,
1528,163,20,0.0,
1529,163,3,0.0,
1530,163,19,0.0,
1531,163,16,0.0,
1532,163,17,0.0,
1533,164,1,11.0,
1534,164,6,6.0,
1535,164,22,4.0,
1536,164,19,3.0,
1537,164,15,2.0,
1538,164,16,0.0,
1539,164,20,0.0,
1540,164,17,0.0,
1541,164,21,0.0,
1542,164,3,0.0,
1543,164,18,0.0,
1544,165,6,16.0,
1545,165,22,4.0,
1546,165,1,3.0,
1547,165,21,2.0,
1548,165,17,1.0,
1549,165,16,0.0,
1550,165,15,0.0,
1551,165,3,0.0,
1552,165,18,0.0,
1553,165,19,0.0,
1554,165,20,0.0,
1555,166,1,16.0,
1556,166,6,4.0,
1557,166,16,3.0,
1558,166,3,2.0,
1559,166,17,1.0,
1560,166,22,0.0,
1561,166,15,0.0,
1562,166,20,0.0,
1563,166,19,0.0,
1564,166,18,0.0,
1565,166,21,0.0,
1566,167,1,16.0,
1567,167,6,4.0,
1568,167,16,3.0,
1569,167,3,2.0,
1570,167,15,1.0,
1571,167,19,0.0,
1572,167,18,0.0,
1573,167,22,0.0,
1574,167,20,0.0,
1575,167,21,0.0,
1576,167,17,0.0,
1577,168,6,10.0,
1578,168,1,10.0,
1579,168,3,3.0,
1580,168,15,2.0,
1581,168,21,1.0,
1582,168,16,0.0,
1583,168,17,0.0,
1584,168,19,0.0,
1585,168,18,0.0,
1586,168,20,0.0,
1587,168,22,0.0,
1588,169,1,14.0,
1589,169,6,9.0,
1590,169,3,2.0,
1591,169,17,1.0,
1592,169,19,0.0,
1593,169,15,0.0,
1594,169,22,0.0,
1595,169,16,0.0,
1596,169,21,0.0,
1597,169,18,0.0,
1598,169,20,0.0,
1599,170,1,13.0,
1600,170,6,6.0,
1601,170,3,6.0,
1602,170,17,1.0,
1603,170,16,0.0,
1604,170,19,0.0,
1605,170,15,0.0,
1606,170,22,0.0,
1607,170,18,0.0,
1608,170,21,0.0,
1609,170,20,0.0,
1610,171,6,10.0,
1611,171,1,6.0,
1612,171,3,4.0,
1613,171,21,3.0,
1614,171,22,2.0,
1615,171,16,1.0,
1616,171,15,0.0,
1617,171,18,0.0,
1618,171,20,0.0,
1619,171,19,0.0,
1620,171,17,0.0,
1621,172,6,16.0,
1622,172,17,4.0,
1623,172,16,4.0,
1624,172,1,2.0,
1625,172,19,0.0,
1626,172,15,0.0,
1627,172,20,0.0,
1628,172,22,0.0,
1629,172,18,0.0,
1630,172,3,0.0,
1631,172,21,0.0,
1632,173,6,13.0,
1633,173,1,10.0,
1634,173,3,2.0,
1635,173,16,1.0,
1636,173,19,0.0,
1637,173,15,0.0,
1638,173,21,0.0,
1639,173,17,0.0,
1640,173,22,0.0,
1641,173,18,0.0,
1642,173,20,0.0,
1643,174,6,14.0,
1644,174,1,9.0,
1645,174,16,2.0,
1646,174,19,1.0,
1647,174,22,0.0,
1648,174,15,0.0,
1649,174,21,0.0,
1650,174,20,0.0,
1651,174,17,0.0,
1652,174,18,0.0,
1653,174,3,0.0,
3018,124,2,0.0,
3823,1,23,18.0,
3824,1,1,0.0,
3825,1,7,11.0,
3826,1,4,4.0,
3827,1,3,3.0,
3828,1,5,3.0,
3829,1,10,0.0,
3830,1,2,0.0,
3831,1,9,0.0,
3832,1,6,0.0,
3833,2,23,7.0,
3834,2,2,4.0,
3835,2,7,5.5,
3836,2,9,1.5,
3837,2,1,1.0,
3838,2,3,0.5,
3839,2,6,0.0,
3840,2,5,0.0,
3841,2,4,0.0,
3842,2,10,0.0,
3843,3,9,18.0,
3844,3,23,11.0,
3845,3,1,7.0,
3846,3,7,2.0,
3847,3,5,1.0,
3848,3,4,0.0,
3849,3,6,0.0,
3850,3,2,0.0,
3851,3,10,0.0,
3852,3,3,0.0,
3853,4,23,14.0,
3854,4,9,8.0,
3855,4,7,8.0,
3856,4,1,5.0,
3857,4,6,3.0,
3858,4,4,1.0,
3859,4,3,0.0,
3860,4,5,0.0,
3861,4,10,0.0,
3862,4,2,0.0,
3863,5,23,18.0,
3864,5,9,11.0,
3865,5,4,4.0,
3866,5,6,3.0,
3867,5,2,2.0,
3868,5,3,1.0,
3869,5,1,0.0,
3870,5,7,0.0,
3871,5,10,0.0,
3872,5,5,0.0,
3873,6,23,18.0,
3874,6,6,11.0,
3875,6,9,4.0,
3876,6,3,3.0,
3877,6,4,2.0,
3878,6,5,1.0,
3879,6,10,0.0,
3880,6,7,0.0,
3881,6,2,0.0,
3882,6,1,0.0,
3883,7,23,10.0,
3884,7,9,14.0,
3885,7,7,6.0,
3886,7,3,4.0,
3887,7,6,3.0,
3888,7,2,2.0,
3889,7,4,0.0,
3890,7,1,0.0,
3891,7,5,0.0,
3892,7,10,0.0,
3893,8,9,18.0,
3894,8,23,9.0,
3895,8,6,6.0,
3896,8,3,4.0,
3897,8,7,2.0,
3898,8,10,0.0,
3899,8,4,0.0,
3900,8,2,0.0,
3901,8,1,0.0,
3902,8,5,0.0,
3903,9,9,18.0,
3904,9,6,6.0,
3905,9,3,5.0,
3906,9,23,7.0,
3907,9,4,2.0,
3908,9,1,1.0,
3909,9,7,0.0,
3910,9,2,0.0,
3911,9,10,0.0,
3912,9,5,0.0,
3913,10,1,14.0,
3914,10,6,8.0,
3915,10,9,6.0,
3916,10,3,5.0,
3917,10,7,4.0,
3918,10,23,2.0,
3919,10,2,0.0,
3920,10,4,0.0,
3921,10,10,0.0,
3922,10,5,0.0,
3923,11,23,12.0,
3924,11,1,13.0,
3925,11,6,6.0,
3926,11,3,4.0,
3927,11,4,3.0,
3928,11,2,1.0,
3929,11,9,0.0,
3930,11,10,0.0,
3931,11,7,0.0,
3932,11,5,0.0,
3933,12,6,10.0,
3934,12,10,8.0,
3935,12,9,6.0,
3936,12,2,9.0,
3937,12,1,3.0,
3938,12,23,2.0,
3939,12,3,1.0,
3940,12,7,0.0,
3941,12,5,0.0,
3942,12,4,0.0,
3943,13,23,18.0,
3944,13,6,6.0,
3945,13,10,5.0,
3946,13,4,4.0,
3947,13,1,3.0,
3948,13,2,2.0,
3949,13,9,1.0,
3950,13,3,0.0,
3951,13,7,0.0,
3952,13,5,0.0,
3953,14,1,12.0,
3954,14,7,8.0,
3955,14,4,6.0,
3956,14,9,5.0,
3957,14,23,7.0,
3958,14,2,1.0,
3959,14,3,0.0,
3960,14,6,0.0,
3961,14,10,0.0,
3962,14,5,0.0,
3963,15,9,10.0,
3964,15,7,8.0,
3965,15,1,6.0,
3966,15,6,5.0,
3967,15,3,4.0,
3968,15,2,3.0,
3969,15,23,3.0,
3970,15,4,0.0,
3971,15,10,0.0,
3972,15,5,0.0,
3973,16,9,15.0,
3974,16,2,8.0,
3975,16,1,6.0,
3976,16,23,5.0,
3977,16,6,3.0,
3978,16,5,2.0,
3979,16,7,0.0,
3980,16,10,0.0,
3981,16,4,0.0,
3982,16,3,0.0,
8305,17,9,18.0,
8306,17,23,11.0,
8307,17,2,4.0,
8308,17,7,5.0,
8309,17,5,1.0,
8310,17,3,0.0,
8311,17,1,0.0,
8312,17,6,0.0,
8313,17,4,0.0,
8314,17,10,0.0,
13900,337,6,43.0,
13901,337,1,21.0,
13902,337,9,16.0,
13903,337,131,18.0,
13904,337,10,2.0,
13905,337,3,1.0,
13906,337,4,0.0,
13907,337,5,0.0,
13908,337,205,0.0,
13909,337,15,0.0,
13910,337,164,0.0,
13911,337,166,0.0,
13912,338,1,33.0,
13913,338,4,18.0,
13914,338,6,27.0,
13915,338,131,11.0,
13916,338,10,6.0,
13917,338,3,4.0,
13918,338,9,2.0,
13919,338,5,0.0,
13920,338,15,0.0,
13921,338,205,0.0,
13922,338,164,0.0,
13923,338,166,0.0,
13924,339,9,43.0,
13925,339,131,15.0,
13926,339,4,12.0,
13927,339,10,10.0,
13928,339,1,12.0,
13929,339,6,6.0,
13930,339,5,2.0,
13931,339,3,1.0,
13932,339,166,0.0,
13933,339,164,0.0,
13934,339,205,0.0,
13935,339,15,0.0,
13936,340,1,43.0,
13937,340,131,16.0,
13938,340,6,14.0,
13939,340,4,16.0,
13940,340,9,12.0,
13941,340,10,0.0,
13942,340,3,0.0,
13943,340,5,0.0,
13944,340,205,0.0,
13945,340,164,0.0,
13946,340,166,0.0,
13947,340,15,0.0,
13948,341,9,40.0,
13949,341,6,26.0,
13950,341,131,12.0,
13951,341,1,10.0,
13952,341,10,6.0,
13953,341,4,4.0,
13954,341,3,2.0,
13955,341,5,1.0,
13956,341,15,0.0,
13957,341,205,0.0,
13958,341,166,0.0,
13959,341,164,0.0,
13960,342,9,43.0,
13961,342,4,15.0,
13962,342,6,20.0,
13963,342,1,10.0,
13964,342,131,6.0,
13965,342,10,6.0,
13966,342,5,1.0,
13967,342,164,0.0,
13968,342,205,0.0,
13969,342,3,0.0,
13970,342,15,0.0,
13971,342,166,0.0,
13972,343,1,43.0,
13973,343,9,15.0,
13974,343,131,22.0,
13975,343,4,8.0,
13976,343,6,10.0,
13977,343,10,2.0,
13978,343,15,1.0,
13979,343,5,0.0,
13980,343,3,0.0,
13981,343,166,0.0,
13982,343,164,0.0,
13983,343,205,0.0,
13984,344,1,43.0,
13985,344,6,15.0,
13986,344,9,22.0,
13987,344,131,8.0,
13988,344,4,6.0,
13989,344,5,4.0,
13990,344,10,3.0,
13991,344,3,0.0,
13992,344,205,0.0,
13993,344,164,0.0,
13994,344,166,0.0,
13995,344,15,0.0,
13996,345,9,25.0,
13997,345,1,33.0,
13998,345,3,12.0,
13999,345,4,10.0,
14000,345,10,8.0,
14001,345,15,6.0,
14002,345,6,4.0,
14003,345,5,2.0,
14004,345,131,1.0,
14005,345,166,0.0,
14006,345,164,0.0,
14007,345,205,0.0,
14008,346,9,31.0,
14009,346,1,30.0,
14010,346,131,17.0,
14011,346,3,11.0,
14012,346,15,8.0,
14013,346,10,4.0,
14014,346,5,0.0,
14015,346,4,0.0,
14016,346,6,0.0,
14017,346,205,0.0,
14018,346,166,0.0,
14019,346,164,0.0,
14020,347,6,43.0,
14021,347,9,23.0,
14022,347,1,22.0,
14023,347,4,7.0,
14024,347,131,6.0,
14025,347,15,0.0,
14026,347,3,0.0,
14027,347,5,0.0,
14028,347,10,0.0,
14029,347,166,0.0,
14030,347,164,0.0,
14031,347,205,0.0,
14032,348,9,40.0,
14033,348,6,30.0,
14034,348,4,10.0,
14035,348,3,9.0,
14036,348,15,8.0,
14037,348,1,4.0,
14038,348,131,0.0,
14039,348,5,0.0,
14040,348,10,0.0,
14041,348,205,0.0,
14042,348,166,0.0,
14043,348,164,0.0,
14044,349,1,25.0,
14045,349,9,18.0,
14046,349,4,17.0,
14047,349,6,12.0,
14048,349,10,11.0,
14049,349,131,14.0,
14050,349,15,4.0,
14051,349,5,0.0,
14052,349,3,0.0,
14053,349,205,0.0,
14054,349,166,0.0,
14055,349,164,0.0,
14056,350,6,40.0,
14057,350,1,18.0,
14058,350,9,20.0,
14059,350,131,12.0,
14060,350,3,7.0,
14061,350,4,4.0,
14062,350,5,0.0,
14063,350,10,0.0,
14064,350,15,0.0,
14065,350,166,0.0,
14066,350,205,0.0,
14067,350,164,0.0,
14068,351,6,29.0,
14069,351,9,33.0,
14070,351,1,12.0,
14071,351,131,10.0,
14072,351,3,9.0,
14073,351,4,6.0,
14074,351,10,2.0,
14075,351,5,0.0,
14076,351,166,0.0,
14077,351,205,0.0,
14078,351,15,0.0,
14079,351,164,0.0,
14080,352,9,43.0,
14081,352,6,15.0,
14082,352,1,22.0,
14083,352,131,8.0,
14084,352,15,10.0,
14085,352,3,2.0,
14086,352,5,1.0,
14087,352,205,0.0,
14088,352,166,0.0,
14089,352,164,0.0,
14090,352,10,0.0,
14091,352,4,0.0,
14092,353,6,40.0,
14093,353,1,18.0,
14094,353,131,12.0,
14095,353,4,10.0,
14096,353,10,8.0,
14097,353,3,7.0,
14098,353,15,6.0,
14099,353,5,0.0,
14100,353,205,0.0,
14101,353,164,0.0,
14102,353,9,0.0,
14103,353,166,0.0,
14104,354,9,43.0,
14105,354,6,15.0,
14106,354,1,22.0,
14107,354,131,14.0,
14108,354,3,4.0,
14109,354,4,2.0,
14110,354,15,1.0,
14111,354,5,0.0,
14112,354,10,0.0,
14113,354,205,0.0,
14114,354,166,0.0,
14115,354,164,0.0,
14116,355,9,29.0,
14117,355,1,33.0,
14118,355,131,12.0,
14119,355,4,18.0,
14120,355,6,7.0,
14121,355,5,2.0,
14122,355,15,0.0,
14123,355,3,0.0,
14124,355,10,0.0,
14125,355,205,0.0,
14126,355,166,0.0,
14127,355,164,0.0,
14129,841,9,35.0,
14130,841,1,26.0,
14131,841,4,15.0,
14132,841,6,18.0,
14133,841,15,0.0,
14134,841,5,4.0,
14135,841,10,3.0,
14136,841,205,0.0,
14137,841,166,0.0,
14138,841,3,0.0,
14139,841,131,0.0,
14140,842,9,37.0,
14141,842,1,22.0,
14142,842,4,15.0,
14143,842,6,18.0,
14144,842,15,6.0,
14145,842,131,2.0,
14146,842,10,1.0,
14147,842,5,0.0,
14148,842,205,0.0,
14149,842,166,0.0,
14150,842,164,0.0,
14151,842,3,0.0,
14152,843,1,37.0,
14153,843,9,33.0,
14154,843,131,14.0,
14155,843,6,14.0,
14156,843,4,2.0,
14157,843,15,1.0,
14158,843,10,0.0,
14159,843,3,0.0,
14160,843,5,0.0,
14161,843,205,0.0,
14162,843,166,0.0,
14163,843,164,0.0,
14164,844,9,43.0,
14165,844,6,15.0,
14166,844,1,20.0,
14167,844,131,10.0,
14168,844,4,10.0,
14169,844,5,2.0,
14170,844,15,1.0,
14171,844,10,0.0,
14172,844,3,0.0,
14173,844,205,0.0,
14174,844,166,0.0,
14175,844,164,0.0,
14176,845,9,37.0,
14177,845,1,33.0,
14178,845,6,10.0,
14179,845,131,14.0,
14180,845,4,4.0,
14181,845,15,3.0,
14182,845,10,0.0,
14183,845,5,0.0,
14184,845,3,0.0,
14185,845,205,0.0,
14186,845,166,0.0,
14187,845,164,0.0,
14188,846,9,37.0,
14189,846,6,18.0,
14190,846,1,23.0,
14191,846,15,10.0,
14192,846,10,6.0,
14193,846,4,4.0,
14194,846,3,2.0,
14195,846,5,1.0,
14196,846,131,0.0,
14197,846,205,0.0,
14198,846,166,0.0,
14199,846,164,0.0,
14200,847,1,25.0,
14201,847,9,33.0,
14202,847,131,12.0,
14203,847,4,10.0,
14204,847,6,8.0,
14205,847,15,6.0,
14206,847,5,5.0,
14207,847,3,2.0,
14208,847,164,0.0,
14209,847,166,0.0,
14210,847,205,0.0,
14211,847,10,0.0,
14212,848,9,40.0,
14213,848,6,28.0,
14214,848,1,20.0,
14215,848,131,6.0,
14216,848,5,4.0,
14217,848,10,2.0,
14218,848,4,1.0,
14219,848,15,0.0,
14220,848,3,0.0,
14221,848,205,0.0,
14222,848,166,0.0,
14223,848,164,0.0,
14224,849,6,35.0,
14225,849,9,33.0,
14226,849,1,12.0,
14227,849,131,10.0,
14228,849,15,6.0,
14229,849,4,4.0,
14230,849,5,1.0,
14231,849,10,0.0,
14232,849,3,0.0,
14233,849,166,0.0,
14234,849,164,0.0,
14235,849,205,0.0,
14236,850,1,25.0,
14237,850,6,28.0,
14238,850,9,27.0,
14239,850,10,8.0,
14240,850,131,10.0,
14241,850,15,2.0,
14242,850,4,1.0,
14243,850,5,0.0,
14244,850,3,0.0,
14245,850,205,0.0,
14246,850,166,0.0,
14247,850,164,0.0,
14248,851,1,37.0,
14249,851,9,28.0,
14250,851,6,23.0,
14251,851,10,6.0,
14252,851,5,5.0,
14253,851,131,2.0,
14254,851,15,0.0,
14255,851,4,0.0,
14256,851,3,0.0,
14257,851,166,0.0,
14258,851,164,0.0,
14259,851,205,0.0,
14260,852,9,43.0,
14261,852,1,15.0,
14262,852,6,16.0,
14263,852,131,18.0,
14264,852,10,6.0,
14265,852,4,2.0,
14266,852,3,1.0,
14267,852,15,0.0,
14268,852,205,0.0,
14269,852,166,0.0,
14270,852,164,0.0,
14271,852,5,0.0,
14272,853,9,25.0,
14273,853,1,30.0,
14274,853,6,23.0,
14275,853,131,10.0,
14276,853,5,7.0,
14277,853,10,4.0,
14278,853,4,2.0,
14279,853,3,0.0,
14280,853,205,0.0,
14281,853,166,0.0,
14282,853,164,0.0,
14283,853,15,0.0,
14284,854,9,40.0,
14285,854,1,28.0,
14286,854,6,14.0,
14287,854,10,12.0,
14288,854,131,6.0,
14289,854,15,1.0,
14290,854,3,0.0,
14291,854,5,0.0,
14292,854,4,0.0,
14293,854,205,0.0,
14294,854,166,0.0,
14295,854,164,0.0,
14296,855,1,35.0,
14297,855,6,24.0,
14298,855,9,27.0,
14299,855,131,9.0,
14300,855,15,4.0,
14301,855,4,2.0,
14302,855,10,0.0,
14303,855,3,0.0,
14304,855,5,0.0,
14305,855,205,0.0,
14306,855,166,0.0,
14307,855,164,0.0,
14308,856,9,40.0,
14309,856,1,30.0,
14310,856,6,18.0,
14311,856,5,8.0,
14312,856,131,4.0,
14313,856,10,1.0,
14314,856,3,0.0,
14315,856,4,0.0,
14316,856,205,0.0,
14317,856,15,0.0,
14318,856,166,0.0,
14319,856,164,0.0,
14320,857,9,37.0,
14321,857,1,24.0,
14322,857,6,15.0,
14323,857,131,18.0,
14324,857,5,4.0,
14325,857,10,2.0,
14326,857,15,1.0,
14327,857,4,0.0,
14328,857,205,0.0,
14329,857,3,0.0,
14330,857,166,0.0,
14331,857,164,0.0,
14332,858,1,40.0,
14333,858,6,28.0,
14334,858,9,12.0,
14335,858,131,14.0,
14336,858,10,6.0,
14337,858,15,1.0,
14338,858,3,0.0,
14339,858,4,0.0,
14340,858,5,0.0,
14341,858,205,0.0,
14342,858,166,0.0,
14343,858,164,0.0,
14344,859,9,43.0,
14345,859,1,15.0,
14346,859,6,22.0,
14347,859,10,12.0,
14348,859,131,6.0,
14349,859,15,2.0,
14350,859,4,1.0,
14351,859,5,0.0,
14352,859,3,0.0,
14353,859,205,0.0,
14354,859,166,0.0,
14355,859,164,0.0,
14356,860,1,40.0,
14357,860,9,30.0,
14358,860,6,10.0,
14359,860,15,12.0,
14360,860,208,6.0,
14361,860,5,2.0,
14362,860,10,1.0,
14363,860,131,0.0,
14364,860,3,0.0,
14365,860,206,0.0,
14366,860,207,0.0,
14367,861,6,25.0,
14368,861,15,18.0,
14369,861,1,15.0,
14370,861,9,12.0,
14371,861,208,10.0,
14372,861,3,8.0,
14373,861,10,8.0,
14374,861,5,4.0,
14375,861,131,1.0,
14376,861,207,0.0,
14377,861,206,0.0,
14378,861,164,0.0,
14379,862,131,25.0,
14380,862,1,33.0,
14381,862,9,22.0,
14382,862,208,8.0,
14383,862,3,10.0,
14384,862,6,2.0,
14385,862,15,1.0,
14386,862,10,0.0,
14387,862,5,0.0,
14388,862,207,0.0,
14389,862,206,0.0,
14390,862,164,0.0,
14391,863,9,37.0,
14392,863,208,33.0,
14393,863,131,11.0,
14394,863,10,8.0,
14395,863,6,8.0,
14396,863,1,4.0,
14397,863,15,0.0,
14398,863,5,0.0,
14399,863,207,0.0,
14400,863,206,0.0,
14401,863,164,0.0,
14402,863,3,0.0,
14403,864,3,25.0,
14404,864,6,18.0,
14405,864,208,27.0,
14406,864,15,10.0,
14407,864,9,8.0,
14408,864,131,6.0,
14409,864,1,6.0,
14410,864,10,1.0,
14411,864,5,0.0,
14412,864,207,0.0,
14413,864,206,0.0,
14414,864,164,0.0,
14415,865,9,37.0,
14416,865,131,18.0,
14417,865,6,23.0,
14418,865,1,10.0,
14419,865,10,10.0,
14420,865,208,2.0,
14421,865,3,1.0,
14422,865,15,0.0,
14423,865,5,0.0,
14424,865,207,0.0,
14425,865,206,0.0,
14426,865,164,0.0,
14427,866,1,25.0,
14428,866,208,22.0,
14429,866,15,17.0,
14430,866,9,18.0,
14431,866,6,11.0,
14432,866,131,8.0,
14433,866,10,0.0,
14434,866,3,0.0,
14435,866,5,0.0,
14436,866,207,0.0,
14437,866,206,0.0,
14438,866,164,0.0,
14439,867,6,25.0,
14440,867,208,18.0,
14441,867,131,23.0,
14442,867,9,12.0,
14443,867,10,16.0,
14444,867,1,4.0,
14445,867,15,2.0,
14446,867,3,1.0,
14447,867,5,0.0,
14448,867,207,0.0,
14449,867,206,0.0,
14450,867,164,0.0,
14451,868,9,40.0,
14452,868,6,30.0,
14453,868,208,18.0,
14454,868,131,6.0,
14455,868,1,5.0,
14456,868,3,2.0,
14457,868,15,0.0,
14458,868,10,0.0,
14459,868,5,0.0,
14460,868,207,0.0,
14461,868,206,0.0,
14462,868,164,0.0,
14463,869,6,25.0,
14464,869,9,14.0,
14465,869,1,18.0,
14466,869,208,15.0,
14467,869,15,20.0,
14468,869,131,7.0,
14469,869,10,2.0,
14470,869,5,0.0,
14471,869,3,0.0,
14472,869,207,0.0,
14473,869,206,0.0,
14474,869,164,0.0,
14475,870,1,33.0,
14476,870,208,33.0,
14477,870,9,16.0,
14478,870,6,12.0,
14479,870,3,6.0,
14480,870,131,1.0,
14481,870,10,0.0,
14482,870,15,0.0,
14483,870,5,0.0,
14484,870,207,0.0,
14485,870,206,0.0,
14486,870,164,0.0,
14487,871,1,25.0,
14488,871,9,26.0,
14489,871,208,15.0,
14490,871,10,13.0,
14491,871,6,10.0,
14492,871,131,6.0,
14493,871,5,6.0,
14494,871,3,0.0,
14495,871,15,0.0,
14496,871,207,0.0,
14497,871,206,0.0,
14498,871,164,0.0,
14499,872,1,25.0,
14500,872,15,20.0,
14501,872,6,27.0,
14502,872,208,10.0,
14503,872,131,14.0,
14504,872,10,4.0,
14505,872,3,1.0,
14506,872,5,0.0,
14507,872,207,0.0,
14508,872,206,0.0,
14509,872,164,0.0,
14510,872,9,0.0,
14511,873,9,25.0,
14512,873,1,18.0,
14513,873,6,19.0,
14514,873,10,12.0,
14515,873,131,10.0,
14516,873,208,14.0,
14517,873,5,2.0,
14518,873,15,1.0,
14519,873,206,0.0,
14520,873,207,0.0,
14524,874,9,27.0,
14522,873,3,0.0,
14523,873,164,0.0,
14525,874,6,18.0,
14526,874,15,15.0,
14527,874,1,22.0,
14528,874,208,8.0,
14529,874,10,6.0,
14530,874,3,4.0,
14531,874,5,1.0,
14532,874,131,0.0,
14533,874,207,0.0,
14534,874,206,0.0,
14535,874,164,0.0,
14536,875,9,43.0,
14537,875,6,27.0,
14538,875,208,16.0,
14539,875,10,8.0,
14540,875,5,6.0,
14541,875,1,1.0,
14542,875,15,0.0,
14543,875,131,0.0,
14544,875,3,0.0,
14545,875,207,0.0,
14546,875,206,0.0,
14547,875,164,0.0,
14548,876,9,40.0,
14549,876,6,26.0,
14550,876,1,22.0,
14551,876,208,8.0,
14552,876,10,4.0,
14553,876,3,1.0,
14554,876,131,0.0,
14555,876,5,0.0,
14556,876,15,0.0,
14557,876,207,0.0,
14558,876,206,0.0,
14559,876,164,0.0,
14560,877,208,25.0,
14561,877,6,24.0,
14562,877,9,15.0,
14563,877,1,12.0,
14564,877,3,14.0,
14565,877,15,8.0,
14566,877,10,2.0,
14567,877,5,1.0,
14568,877,131,0.0,
14569,877,207,0.0,
14570,877,206,0.0,
14571,877,164,0.0,
14572,878,1,35.0,
14573,878,9,18.0,
14574,878,6,27.0,
14575,878,208,14.0,
14576,878,10,4.0,
14577,878,3,3.0,
14578,878,15,0.0,
14579,878,5,0.0,
14580,878,131,0.0,
14581,878,207,0.0,
14582,878,206,0.0,
14583,878,164,0.0,
14584,879,1,25.0,
14585,879,6,33.0,
14586,879,9,20.0,
14587,879,10,10.0,
14588,879,131,6.0,
14589,879,5,4.0,
14590,879,15,2.0,
14591,879,208,1.0,
14592,879,207,0.0,
14593,879,206,0.0,
14594,879,164,0.0,
14595,879,3,0.0,
14596,880,208,26.0,
14597,880,6,30.0,
14598,880,9,23.0,
14599,880,131,10.0,
14600,880,10,10.0,
14601,880,1,2.0,
14602,880,5,0.0,
14603,880,15,0.0,
14604,880,3,0.0,
14605,880,206,0.0,
14606,880,207,0.0,
14607,881,9,43.0,
14608,881,131,27.0,
14609,881,6,10.0,
14610,881,208,14.0,
14611,881,15,4.0,
14612,881,1,2.0,
14613,881,5,1.0,
14614,881,3,0.0,
14615,881,206,0.0,
14616,881,207,0.0,
14617,881,10,0.0,
14618,882,6,33.0,
14619,882,208,20.0,
14620,882,131,15.0,
14621,882,9,12.0,
14622,882,1,10.0,
14623,882,5,6.0,
14624,882,10,4.0,
14625,882,15,1.0,
14626,882,3,0.0,
14627,882,206,0.0,
14628,882,207,0.0,
14629,883,9,31.0,
14630,883,208,33.0,
14631,883,10,12.0,
14632,883,131,12.0,
14633,883,1,9.0,
14634,883,6,4.0,
14635,883,3,0.0,
14636,883,15,0.0,
14637,883,5,0.0,
14638,883,207,0.0,
14639,883,206,0.0,
14640,884,6,40.0,
14641,884,208,18.0,
14642,884,9,22.0,
14643,884,131,8.0,
14644,884,10,6.0,
14645,884,1,6.0,
14646,884,5,1.0,
14647,884,15,0.0,
14648,884,3,0.0,
14649,884,207,0.0,
14650,884,206,0.0,
14651,885,131,37.0,
14652,885,9,33.0,
14653,885,10,12.0,
14654,885,1,8.0,
14655,885,6,6.0,
14656,885,5,4.0,
14657,885,208,1.0,
14658,885,15,0.0,
14659,885,3,0.0,
14660,885,206,0.0,
14661,885,207,0.0,
14662,886,9,37.0,
14663,886,6,22.0,
14664,886,131,25.0,
14665,886,5,8.0,
14666,886,10,7.0,
14667,886,208,2.0,
14668,886,1,0.0,
14669,886,3,0.0,
14670,886,206,0.0,
14671,886,207,0.0,
14672,886,15,0.0,
14673,887,131,37.0,
14674,887,9,18.0,
14675,887,6,23.0,
14676,887,208,10.0,
14677,887,10,8.0,
14678,887,5,4.0,
14679,887,15,1.0,
14680,887,3,0.0,
14681,887,1,0.0,
14682,887,207,0.0,
14683,887,206,0.0,
14684,888,9,31.0,
14685,888,208,33.0,
14686,888,6,12.0,
14687,888,131,12.0,
14688,888,1,12.0,
14689,888,15,1.0,
14690,888,10,0.0,
14691,888,5,0.0,
14692,888,3,0.0,
14693,888,207,0.0,
14694,888,206,0.0,
14695,890,131,25.0,
14696,890,208,26.0,
14697,890,9,27.0,
14698,890,6,14.0,
14699,890,1,8.0,
14700,890,3,1.0,
14701,890,15,0.0,
14702,890,5,0.0,
14703,890,207,0.0,
14704,890,206,0.0,
14705,890,10,0.0,
14706,891,9,35.0,
14707,891,6,24.0,
14708,891,131,27.0,
14709,891,1,8.0,
14710,891,208,4.0,
14711,891,10,2.0,
14712,891,5,1.0,
14713,891,15,0.0,
14714,891,3,0.0,
14715,891,207,0.0,
14716,891,206,0.0,
14717,892,9,40.0,
14718,892,6,30.0,
14719,892,15,10.0,
14720,892,131,10.0,
14721,892,5,6.0,
14722,892,208,4.0,
14723,892,1,1.0,
14724,892,3,0.0,
14725,892,10,0.0,
14726,892,207,0.0,
14727,892,206,0.0,
14728,893,9,25.0,
14729,893,6,26.0,
14730,893,208,15.0,
14731,893,131,22.0,
14732,893,1,10.0,
14733,893,15,2.0,
14734,893,10,1.0,
14735,893,3,0.0,
14736,893,5,0.0,
14737,893,207,0.0,
14738,893,206,0.0,
14739,894,9,25.0,
14740,894,208,33.0,
14741,894,15,12.0,
14742,894,131,16.0,
14743,894,6,10.0,
14744,894,1,5.0,
14745,894,3,0.0,
14746,894,207,0.0,
14747,894,206,0.0,
14748,894,5,0.0,
14749,894,10,0.0,
14750,895,9,43.0,
14751,895,208,25.0,
14752,895,6,13.0,
14753,895,15,14.0,
14754,895,131,4.0,
14755,895,1,2.0,
14756,895,10,0.0,
14757,895,5,0.0,
14758,895,3,0.0,
14759,895,207,0.0,
14760,895,206,0.0,
14761,896,9,25.0,
14762,896,131,26.0,
14763,896,208,21.0,
14764,896,6,12.0,
14765,896,1,10.0,
14766,896,10,6.0,
14767,896,5,1.0,
14768,896,3,0.0,
14769,896,15,0.0,
14770,896,206,0.0,
14771,896,207,0.0,
14772,897,9,43.0,
14773,897,131,21.0,
14774,897,208,12.0,
14775,897,6,14.0,
14776,897,10,9.0,
14777,897,1,2.0,
14778,897,3,0.0,
14779,897,15,0.0,
14780,897,5,0.0,
14781,897,207,0.0,
14782,897,206,0.0,
14783,898,9,40.0,
14784,898,208,18.0,
14785,898,131,14.0,
14786,898,6,10.0,
14787,898,15,8.0,
14788,898,1,7.0,
14789,898,3,4.0,
14790,898,5,0.0,
14791,898,10,0.0,
14792,898,206,0.0,
14793,898,207,0.0,
14794,899,9,43.0,
14795,899,6,21.0,
14796,899,1,20.0,
14797,899,131,12.0,
14798,899,15,4.0,
14799,899,5,1.0,
14800,899,10,0.0,
14801,899,208,0.0,
14802,899,3,0.0,
14803,899,206,0.0,
14804,899,207,0.0,
16881,1120,6,18.0,
16880,1120,9,38.0,
14808,900,131,25.0,
14809,900,9,0.0,
14810,900,1,33.0,
14811,900,6,18.0,
14812,900,3,10.0,
14813,900,10,9.0,
14814,900,5,6.0,
14815,900,15,0.0,
14816,900,206,0.0,
14817,900,208,0.0,
14818,900,207,0.0,
14819,901,131,43.0,
14820,901,9,15.0,
14821,901,6,12.0,
14822,901,10,10.0,
14823,901,1,10.0,
14824,901,3,10.0,
14825,901,5,1.0,
14826,901,208,0.0,
14827,901,207,0.0,
14828,901,206,0.0,
14829,901,15,0.0,
14830,902,131,43.0,
14831,902,10,25.0,
14832,902,9,20.0,
14833,902,3,10.0,
14834,902,6,3.0,
14835,902,5,0.0,
14836,902,208,0.0,
14837,902,206,0.0,
14838,902,207,0.0,
14839,902,1,0.0,
14840,902,15,0.0,
14841,903,131,43.0,
14842,903,6,19.0,
14843,903,9,22.0,
14844,903,10,10.0,
14845,903,3,6.0,
14846,903,5,1.0,
14847,903,1,0.0,
14848,903,208,0.0,
14849,903,15,0.0,
14850,903,207,0.0,
14851,903,206,0.0,
15820,1007,9,25.0,
14853,904,131,43.0,
14854,904,9,27.0,
14855,904,3,10.0,
14856,904,6,14.0,
14857,904,208,4.0,
14858,904,10,3.0,
14859,904,1,0.0,
14860,904,5,0.0,
14861,904,15,0.0,
14862,904,206,0.0,
14863,904,207,0.0,
14864,905,131,43.0,
14865,905,9,15.0,
14866,905,6,12.0,
14867,905,10,10.0,
14868,905,1,9.0,
14869,905,3,6.0,
14870,905,208,4.0,
14871,905,206,2.0,
14872,905,207,0.0,
14873,905,15,0.0,
14874,905,5,0.0,
14875,906,9,40.0,
14876,906,131,18.0,
14877,906,1,14.0,
14878,906,10,10.0,
14879,906,6,9.0,
14880,906,3,6.0,
14881,906,5,4.0,
14882,906,15,0.0,
14883,906,208,0.0,
14884,906,207,0.0,
14885,906,206,0.0,
14886,907,131,43.0,
14887,907,3,27.0,
14888,907,6,11.0,
14889,907,10,10.0,
14890,907,1,6.0,
14891,907,9,4.0,
14892,907,208,0.0,
14893,907,15,0.0,
14894,907,206,0.0,
14895,907,207,0.0,
14896,907,5,0.0,
14897,908,131,25.0,
14898,908,3,18.0,
14899,908,9,25.0,
14900,908,1,18.0,
14901,908,6,8.0,
14902,908,10,4.0,
14903,908,5,3.0,
14904,908,208,0.0,
14905,908,15,0.0,
14906,908,206,0.0,
14907,908,207,0.0,
14908,909,131,40.0,
14909,909,3,18.0,
14910,909,9,20.0,
14911,909,6,10.0,
14912,909,10,7.0,
14913,909,1,6.0,
14914,909,208,0.0,
14915,909,5,0.0,
14916,909,15,0.0,
14917,909,206,0.0,
14918,909,207,0.0,
14919,910,9,31.0,
14920,910,6,26.0,
14921,910,131,27.0,
14922,910,3,14.0,
14923,910,5,2.0,
14924,910,1,1.0,
14925,910,15,0.0,
14926,910,208,0.0,
14927,910,206,0.0,
14928,910,207,0.0,
14929,910,10,0.0,
14930,911,9,35.0,
14931,911,131,18.0,
14932,911,3,15.0,
14933,911,6,18.0,
14934,911,1,8.0,
14935,911,10,5.0,
14936,911,5,2.0,
14937,911,15,0.0,
14938,911,206,0.0,
14939,911,207,0.0,
14940,911,208,0.0,
14941,912,131,43.0,
14942,912,3,27.0,
14943,912,9,18.0,
14944,912,10,6.0,
14945,912,1,5.0,
14946,912,6,2.0,
14947,912,5,0.0,
14948,912,208,0.0,
14949,912,15,0.0,
14950,912,207,0.0,
14951,912,206,0.0,
14952,913,131,25.0,
14953,913,9,33.0,
14954,913,6,16.0,
14955,913,3,10.0,
14956,913,5,8.0,
14957,913,10,8.0,
14958,913,1,1.0,
14959,913,208,0.0,
14960,913,207,0.0,
14961,913,206,0.0,
14962,913,15,0.0,
14963,914,131,43.0,
14964,914,9,27.0,
14965,914,1,10.0,
14966,914,3,14.0,
14967,914,10,5.0,
14968,914,5,2.0,
14969,914,6,0.0,
14970,914,15,0.0,
14971,914,208,0.0,
14972,914,207,0.0,
14973,914,206,0.0,
14974,915,131,43.0,
14975,915,3,15.0,
14976,915,1,22.0,
14977,915,6,10.0,
14978,915,9,10.0,
14979,915,10,1.0,
14980,915,5,0.0,
14981,915,15,0.0,
14982,915,208,0.0,
14983,915,207,0.0,
14984,915,206,0.0,
16883,1120,1,18.0,
16882,1120,131,17.0,
14987,916,131,43.0,
14988,916,9,21.0,
14989,916,3,22.0,
14990,916,6,8.0,
14991,916,1,4.0,
14992,916,5,1.0,
14993,916,208,2.0,
14994,916,15,0.0,
14995,916,10,0.0,
14996,917,131,43.0,
14997,917,3,16.0,
14998,917,1,14.0,
14999,917,9,10.0,
15000,917,6,14.0,
15001,917,10,4.0,
15002,917,5,0.0,
15003,917,208,0.0,
15004,917,15,0.0,
15005,918,131,50.0,
15006,918,3,66.0,
15007,918,9,32.0,
15008,918,1,20.0,
15009,918,10,28.0,
15010,918,6,6.0,
15011,918,5,0.0,
15012,918,208,0.0,
15013,918,15,0.0,
15014,918,207,0.0,
15821,1007,6,33.0,
15015,926,131,43.0,
15016,926,6,15.0,
15017,926,3,12.0,
15018,926,15,14.0,
15019,926,9,8.0,
15020,926,10,7.0,
15021,926,5,2.0,
15022,926,1,0.0,
15023,926,208,0.0,
15024,927,6,37.0,
15025,927,131,33.0,
15026,927,3,18.0,
15027,927,5,10.0,
15028,927,9,3.0,
15029,927,208,0.0,
15030,927,15,0.0,
15031,927,10,0.0,
15032,927,209,0.0,
15033,927,1,0.0,
15034,928,131,43.0,
15035,928,6,27.0,
15036,928,3,18.0,
15037,928,208,6.0,
15038,928,15,5.0,
15039,928,9,2.0,
15040,928,10,0.0,
15041,928,1,0.0,
15042,928,5,0.0,
15043,928,209,0.0,
15044,929,131,40.0,
15045,929,6,28.0,
15046,929,3,13.0,
15047,929,9,10.0,
15048,929,208,6.0,
15049,929,10,4.0,
15050,929,1,0.0,
15051,929,15,0.0,
15052,929,209,0.0,
15053,929,5,0.0,
15054,930,131,43.0,
15055,930,6,25.0,
15056,930,3,20.0,
15057,930,9,7.0,
15058,930,208,4.0,
15059,930,5,2.0,
15060,930,15,0.0,
15061,930,10,0.0,
15062,930,1,0.0,
15063,930,209,0.0,
15064,931,131,40.0,
15065,931,6,26.0,
15066,931,9,22.0,
15067,931,10,6.0,
15068,931,1,4.0,
15069,931,15,2.0,
15070,931,5,1.0,
15071,931,208,0.0,
15072,931,3,0.0,
15073,931,209,0.0,
15074,932,131,43.0,
15075,932,3,23.0,
15076,932,6,22.0,
15077,932,208,7.0,
15078,932,10,4.0,
15079,932,9,2.0,
15080,932,5,0.0,
15081,932,15,0.0,
15082,932,209,0.0,
15083,932,1,0.0,
15084,933,131,43.0,
15085,933,3,25.0,
15086,933,6,12.0,
15087,933,10,10.0,
15088,933,208,6.0,
15089,933,5,4.0,
15090,933,9,1.0,
15091,933,15,0.0,
15092,933,209,0.0,
15093,933,1,0.0,
15094,934,131,43.0,
15095,934,6,19.0,
15096,934,3,22.0,
15097,934,9,8.0,
15098,934,10,8.0,
15099,934,1,1.0,
15100,934,15,0.0,
15101,934,209,0.0,
15102,934,5,0.0,
15103,934,208,0.0,
15104,936,6,25.0,
15105,936,9,33.0,
15106,936,5,12.0,
15107,936,1,12.0,
15108,936,131,12.0,
15109,936,208,6.0,
15110,936,15,1.0,
15111,936,3,0.0,
15112,936,209,0.0,
15113,936,10,0.0,
15114,937,131,43.0,
15115,937,208,15.0,
15116,937,9,12.0,
15117,937,10,10.0,
15118,937,3,10.0,
15119,937,6,6.0,
15120,937,5,4.0,
15121,937,15,1.0,
15122,937,1,0.0,
15123,937,206,0.0,
15124,937,209,0.0,
15125,938,131,25.0,
15126,938,6,28.0,
15127,938,3,27.0,
15128,938,10,14.0,
15129,938,9,5.0,
15130,938,15,2.0,
15131,938,5,0.0,
15132,938,1,0.0,
15133,938,209,0.0,
15134,938,208,0.0,
15135,939,6,40.0,
15136,939,9,26.0,
15137,939,131,12.0,
15138,939,3,10.0,
15139,939,10,6.0,
15140,939,5,6.0,
15141,939,15,1.0,
15142,939,208,0.0,
15143,939,209,0.0,
15144,939,1,0.0,
15145,940,131,43.0,
15146,940,6,27.0,
15147,940,3,10.0,
15148,940,10,8.0,
15149,940,208,10.0,
15150,940,5,3.0,
15151,940,1,0.0,
15152,940,9,0.0,
15153,940,15,0.0,
15154,940,209,0.0,
15155,941,131,25.0,
15156,941,6,22.0,
15157,941,10,15.0,
15158,941,3,12.0,
15159,941,9,10.0,
15160,941,15,8.0,
15161,941,208,6.0,
15162,941,1,2.0,
15163,941,5,1.0,
15164,941,209,0.0,
15165,941,206,0.0,
15166,942,131,43.0,
15167,942,6,15.0,
15168,942,5,18.0,
15169,942,10,10.0,
15170,942,1,8.0,
15171,942,208,4.0,
15172,942,15,2.0,
15173,942,9,1.0,
15174,942,209,0.0,
15175,942,3,0.0,
15176,943,131,43.0,
15177,943,3,23.0,
15178,943,9,22.0,
15179,943,10,10.0,
15180,943,5,2.0,
15181,943,208,1.0,
15182,943,15,0.0,
15183,943,1,0.0,
15184,943,206,0.0,
15185,943,6,0.0,
15186,944,131,43.0,
15187,944,6,27.0,
15188,944,3,10.0,
15189,944,10,8.0,
15190,944,9,6.0,
15191,944,208,5.0,
15192,944,5,2.0,
15193,944,15,0.0,
15194,944,1,0.0,
15195,944,209,0.0,
15196,943,209,0.0,
15197,945,131,43.0,
15198,945,6,27.0,
15199,945,10,16.0,
15200,945,9,9.0,
15201,945,3,4.0,
15202,945,208,2.0,
15203,945,5,0.0,
15204,945,1,0.0,
15205,945,15,0.0,
15206,945,206,0.0,
15207,945,209,0.0,
15208,948,131,43.0,
15209,948,6,15.0,
15210,948,9,12.0,
15211,948,3,14.0,
15212,948,210,8.0,
15213,948,10,6.0,
15214,948,5,3.0,
15215,948,4,0.0,
15216,948,1,0.0,
15217,948,15,0.0,
15218,948,209,0.0,
15219,949,131,40.0,
15220,949,6,18.0,
15221,949,9,18.0,
15222,949,210,10.0,
15223,949,5,8.0,
15224,949,3,6.0,
15225,949,1,1.0,
15226,949,4,0.0,
15227,949,15,0.0,
15228,949,209,0.0,
15229,949,10,0.0,
15230,950,131,31.0,
15231,950,6,28.0,
15232,950,9,27.0,
15233,950,3,9.0,
15234,950,5,6.0,
15235,950,10,0.0,
15236,950,1,0.0,
15237,950,210,0.0,
15238,950,15,0.0,
15239,950,4,0.0,
15240,950,209,0.0,
15241,951,131,43.0,
15242,951,6,15.0,
15243,951,3,22.0,
15244,951,1,9.0,
15245,951,4,6.0,
15246,951,210,4.0,
15247,951,10,2.0,
15248,951,9,0.0,
15249,951,5,0.0,
15250,951,15,0.0,
15251,951,209,0.0,
15252,952,9,37.0,
15253,952,6,33.0,
15254,952,3,14.0,
15255,952,5,9.0,
15256,952,10,6.0,
15257,952,1,2.0,
15258,952,210,0.0,
15259,952,15,0.0,
15260,952,4,0.0,
15261,952,209,0.0,
15262,952,131,0.0,
15263,953,131,31.0,
15264,953,9,18.0,
15265,953,10,23.0,
15266,953,6,12.0,
15267,953,1,12.0,
15268,953,5,4.0,
15269,953,3,1.0,
15270,953,210,0.0,
15271,953,209,0.0,
15272,953,15,0.0,
15273,953,4,0.0,
15274,954,131,35.0,
15275,954,6,26.0,
15276,954,3,15.0,
15277,954,9,18.0,
15278,954,10,5.0,
15279,954,5,2.0,
15280,954,1,0.0,
15281,954,210,0.0,
15282,954,15,0.0,
15283,954,4,0.0,
15284,954,209,0.0,
15285,955,131,35.0,
15286,955,6,30.0,
15287,955,10,17.0,
15288,955,3,9.0,
15289,955,9,10.0,
15290,955,1,0.0,
15291,955,15,0.0,
15292,955,210,0.0,
15293,955,4,0.0,
15294,955,209,0.0,
15295,955,5,0.0,
15296,956,131,37.0,
15297,956,9,28.0,
15298,956,6,15.0,
15299,956,1,8.0,
15300,956,210,6.0,
15301,956,5,4.0,
15302,956,3,2.0,
15303,956,209,1.0,
15304,956,4,0.0,
15305,956,15,0.0,
15306,956,10,0.0,
15307,957,131,40.0,
15308,957,9,30.0,
15309,957,6,12.0,
15310,957,10,14.0,
15311,957,5,5.0,
15312,957,3,0.0,
15313,957,1,0.0,
15314,957,15,0.0,
15315,957,210,0.0,
15316,957,4,0.0,
15317,957,209,0.0,
15318,958,131,43.0,
15319,958,9,25.0,
15320,958,6,20.0,
15321,958,1,6.0,
15322,958,5,4.0,
15323,958,3,2.0,
15324,958,10,1.0,
15325,958,4,0.0,
15326,958,210,0.0,
15327,958,15,0.0,
15328,958,209,0.0,
15329,959,131,37.0,
15330,959,9,33.0,
15331,959,6,18.0,
15332,959,10,7.0,
15333,959,1,4.0,
15334,959,3,2.0,
15335,959,210,0.0,
15336,959,5,0.0,
15337,959,4,0.0,
15338,959,209,0.0,
15339,959,15,0.0,
15340,960,131,40.0,
15341,960,9,18.0,
15342,960,10,22.0,
15343,960,6,10.0,
15344,960,1,6.0,
15345,960,3,5.0,
15346,960,210,0.0,
15347,960,5,0.0,
15348,960,4,0.0,
15349,960,209,0.0,
15350,960,15,0.0,
15351,961,131,43.0,
15352,961,6,27.0,
15353,961,9,16.0,
15354,961,3,10.0,
15355,961,10,5.0,
15356,961,210,0.0,
15357,961,1,0.0,
15358,961,5,0.0,
15359,961,15,0.0,
15360,961,4,0.0,
15361,961,209,0.0,
15362,962,131,40.0,
15363,962,9,26.0,
15364,962,6,22.0,
15365,962,1,6.0,
15366,962,10,4.0,
15367,962,5,2.0,
15368,962,4,1.0,
15369,962,210,0.0,
15370,962,3,0.0,
15371,962,15,0.0,
15372,962,209,0.0,
15373,963,9,43.0,
15374,963,131,15.0,
15375,963,6,12.0,
15376,963,3,10.0,
15377,963,10,12.0,
15378,963,1,8.0,
15379,963,4,1.0,
15380,963,5,0.0,
15381,963,15,0.0,
15382,963,209,0.0,
15383,963,210,0.0,
15384,964,131,40.0,
15385,964,9,26.0,
15386,964,6,22.0,
15387,964,10,10.0,
15388,964,3,3.0,
15389,964,210,0.0,
15390,964,4,0.0,
15391,964,5,0.0,
15392,964,15,0.0,
15393,964,1,0.0,
15394,964,209,0.0,
15395,965,131,43.0,
15396,965,9,15.0,
15397,965,6,12.0,
15398,965,1,12.0,
15399,965,5,8.0,
15400,965,3,6.0,
15401,965,10,4.0,
15402,965,210,1.0,
15403,965,4,0.0,
15404,965,15,0.0,
15405,965,209,0.0,
15406,966,131,43.0,
15407,966,6,18.0,
15408,966,9,27.0,
15409,966,10,7.0,
15410,966,3,6.0,
15411,966,15,0.0,
15412,966,1,0.0,
15413,966,4,0.0,
15414,966,5,0.0,
15415,966,210,0.0,
15416,966,209,0.0,
15417,967,131,43.0,
15418,967,9,19.0,
15419,967,10,18.0,
15420,967,6,10.0,
15421,967,5,8.0,
15422,967,15,2.0,
15423,967,1,1.0,
15424,967,3,0.0,
15425,967,209,0.0,
15426,967,4,0.0,
15427,967,210,0.0,
15428,968,131,43.0,
15429,968,6,23.0,
15430,968,9,22.0,
15431,968,10,10.0,
15432,968,3,2.0,
15433,968,1,1.0,
15434,968,210,0.0,
15435,968,209,0.0,
15436,968,15,0.0,
15437,968,4,0.0,
15438,968,5,0.0,
15439,969,6,37.0,
15440,969,131,33.0,
15441,969,9,10.0,
15442,969,3,8.0,
15443,969,10,7.0,
15444,969,5,6.0,
15445,969,4,0.0,
15446,969,15,0.0,
15447,969,1,0.0,
15448,969,210,0.0,
15449,970,131,33.0,
15450,970,6,28.0,
15451,970,9,27.0,
15452,970,5,6.0,
15453,970,210,4.0,
15454,970,10,3.0,
15455,970,4,0.0,
15456,970,3,0.0,
15457,970,15,0.0,
15458,970,1,0.0,
15459,971,6,37.0,
15460,971,131,33.0,
15461,971,9,10.0,
15462,971,3,8.0,
15463,971,10,7.0,
15464,971,210,4.0,
15465,971,4,2.0,
15466,971,15,0.0,
15467,971,5,0.0,
15468,971,1,0.0,
15469,972,131,37.0,
15470,972,6,33.0,
15471,972,9,10.0,
15472,972,10,14.0,
15473,972,4,4.0,
15474,972,3,2.0,
15475,972,5,1.0,
15476,972,210,0.0,
15477,972,1,0.0,
15478,972,15,0.0,
15479,973,131,25.0,
15480,973,6,18.0,
15481,973,9,15.0,
15482,973,10,22.0,
15483,973,4,8.0,
15484,973,5,8.0,
15485,973,15,4.0,
15486,973,210,1.0,
15487,973,1,0.0,
15488,973,3,0.0,
15489,974,6,43.0,
15490,974,9,25.0,
15491,974,131,18.0,
15492,974,5,8.0,
15493,974,210,5.0,
15494,974,3,2.0,
15495,974,4,0.0,
15496,974,10,0.0,
15497,974,1,0.0,
15498,974,15,0.0,
15499,975,131,43.0,
15500,975,9,15.0,
15501,975,6,18.0,
15502,975,10,18.0,
15503,975,4,4.0,
15504,975,3,2.0,
15505,975,210,1.0,
15506,975,15,0.0,
15507,975,1,0.0,
15508,975,5,0.0,
15509,976,9,25.0,
15510,976,131,28.0,
15511,976,3,15.0,
15512,976,6,12.0,
15513,976,10,8.0,
15514,976,210,6.0,
15515,976,5,4.0,
15516,976,1,2.0,
15517,976,15,1.0,
15518,976,4,0.0,
15519,841,164,0.0,
15520,977,131,37.0,
15521,977,6,28.0,
15522,977,9,15.0,
15523,977,210,8.0,
15524,977,10,10.0,
15525,977,3,3.0,
15526,977,4,0.0,
15527,977,1,0.0,
15528,977,15,0.0,
15529,977,5,0.0,
15530,978,131,43.0,
15531,978,6,21.0,
15532,978,9,22.0,
15533,978,4,8.0,
15534,978,10,6.0,
15535,978,3,1.0,
15536,978,1,0.0,
15537,978,210,0.0,
15538,978,15,0.0,
15539,978,5,0.0,
15540,979,6,43.0,
15541,979,131,27.0,
15542,979,9,10.0,
15543,979,1,9.0,
15544,979,5,6.0,
15545,979,10,6.0,
15546,979,4,0.0,
15547,979,210,0.0,
15548,979,3,0.0,
15549,979,15,0.0,
15550,980,131,35.0,
15551,980,6,30.0,
15552,980,9,15.0,
15553,980,4,8.0,
15554,980,210,6.0,
15555,980,3,4.0,
15556,980,10,2.0,
15557,980,5,1.0,
15558,980,1,0.0,
15559,980,15,0.0,
15560,981,131,43.0,
15561,981,6,25.0,
15562,981,9,13.0,
15563,981,10,10.0,
15564,981,3,10.0,
15565,981,210,0.0,
15566,981,5,0.0,
15567,981,4,0.0,
15568,981,15,0.0,
15569,981,1,0.0,
15570,982,131,40.0,
15571,982,9,18.0,
15572,982,5,12.0,
15573,982,10,11.0,
15574,982,4,8.0,
15575,982,1,6.0,
15576,982,3,4.0,
15577,982,210,2.0,
15578,982,15,0.0,
15579,982,6,0.0,
15580,983,9,40.0,
15581,983,131,28.0,
15582,983,6,12.0,
15583,983,10,9.0,
15584,983,1,6.0,
15585,983,3,6.0,
15586,983,210,0.0,
15587,983,5,0.0,
15588,983,4,0.0,
15589,983,15,0.0,
15590,984,131,37.0,
15591,984,9,33.0,
15592,984,6,10.0,
15593,984,10,14.0,
15594,984,210,6.0,
15595,984,3,1.0,
15596,984,1,0.0,
15597,984,4,0.0,
15598,984,5,0.0,
15599,984,15,0.0,
15600,985,131,35.0,
15601,985,6,33.0,
15602,985,9,12.0,
15603,985,10,12.0,
15604,985,4,6.0,
15605,985,3,2.0,
15606,985,5,1.0,
15607,985,1,0.0,
15608,985,210,0.0,
15609,985,15,0.0,
15610,986,9,25.0,
15611,986,131,20.0,
15612,986,6,27.0,
15613,986,10,16.0,
15614,986,3,8.0,
15615,986,210,4.0,
15616,986,1,1.0,
15617,986,5,0.0,
15618,986,15,0.0,
15619,986,4,0.0,
15620,987,6,40.0,
15621,987,131,30.0,
15622,987,9,18.0,
15623,987,3,6.0,
15624,987,1,4.0,
15625,987,10,2.0,
15626,987,4,1.0,
15627,987,5,0.0,
15628,987,15,0.0,
15629,987,210,0.0,
15630,988,131,43.0,
15631,988,6,27.0,
15632,988,9,10.0,
15633,988,4,8.0,
15634,988,10,10.0,
15635,988,1,2.0,
15636,988,3,1.0,
15637,988,210,0.0,
15638,988,15,0.0,
15639,988,5,0.0,
15640,989,6,40.0,
15641,989,131,22.0,
15642,989,9,20.0,
15643,989,1,12.0,
15644,989,4,7.0,
15645,989,10,0.0,
15646,989,15,0.0,
15647,989,3,0.0,
15648,989,5,0.0,
15649,989,210,0.0,
15650,990,6,25.0,
15651,990,131,33.0,
15652,990,5,12.0,
15653,990,210,10.0,
15654,990,4,8.0,
15655,990,1,10.0,
15656,990,15,2.0,
15657,990,10,1.0,
15658,990,3,0.0,
15659,990,9,0.0,
15660,991,9,35.0,
15661,991,131,30.0,
15662,991,6,19.0,
15663,991,4,10.0,
15664,991,1,6.0,
15665,991,210,1.0,
15666,991,10,0.0,
15667,991,3,0.0,
15668,991,15,0.0,
15669,991,5,0.0,
15670,992,131,25.0,
15671,992,6,30.0,
15672,992,10,15.0,
15673,992,4,10.0,
15674,992,15,8.0,
15675,992,1,8.0,
15676,992,3,4.0,
15677,992,5,1.0,
15678,992,210,0.0,
15679,992,9,0.0,
15680,993,131,43.0,
15681,993,9,25.0,
15682,993,6,12.0,
15683,993,210,8.0,
15684,993,4,6.0,
15685,993,1,4.0,
15686,993,10,2.0,
15687,993,15,1.0,
15688,993,3,0.0,
15689,993,5,0.0,
15690,994,9,27.0,
15691,994,6,30.0,
15692,994,131,25.0,
15693,994,10,8.0,
15694,994,5,6.0,
15695,994,4,5.0,
15696,994,15,0.0,
15697,994,210,0.0,
15698,994,1,0.0,
15699,994,3,0.0,
15700,995,6,33.0,
15701,995,131,28.0,
15702,995,9,27.0,
15703,995,4,10.0,
15704,995,10,2.0,
15705,995,15,1.0,
15706,995,5,0.0,
15707,995,210,0.0,
15708,995,1,0.0,
15709,995,3,0.0,
15710,996,131,31.0,
15711,996,9,30.0,
15712,996,6,25.0,
15713,996,210,8.0,
15714,996,4,6.0,
15715,996,15,1.0,
15716,996,1,0.0,
15717,996,5,0.0,
15718,996,3,0.0,
15719,996,10,0.0,
15720,997,9,25.0,
15721,997,6,33.0,
15722,997,210,22.0,
15723,997,10,14.0,
15724,997,1,4.0,
15725,997,15,3.0,
15726,997,5,0.0,
15727,997,4,0.0,
15728,997,3,0.0,
15729,997,131,0.0,
15730,998,6,40.0,
15731,998,131,30.0,
15732,998,9,10.0,
15733,998,4,8.0,
15734,998,10,7.0,
15735,998,1,4.0,
15736,998,210,2.0,
15737,998,3,0.0,
15738,998,5,0.0,
15739,998,15,0.0,
15740,999,131,43.0,
15741,999,6,15.0,
15742,999,9,12.0,
15743,999,4,10.0,
15744,999,210,8.0,
15745,999,10,10.0,
15746,999,15,2.0,
15747,999,5,1.0,
15748,999,1,0.0,
15749,999,3,0.0,
15750,1000,131,35.0,
15751,1000,6,33.0,
15752,1000,9,12.0,
15753,1000,5,8.0,
15754,1000,210,7.0,
15755,1000,1,4.0,
15756,1000,4,2.0,
15757,1000,10,0.0,
15758,1000,15,0.0,
15759,1000,3,0.0,
15760,1001,6,25.0,
15761,1001,131,30.0,
15762,1001,9,15.0,
15763,1001,10,18.0,
15764,1001,210,10.0,
15765,1001,5,2.0,
15766,1001,15,1.0,
15767,1001,4,0.0,
15768,1001,3,0.0,
15769,1001,1,0.0,
15770,1002,131,40.0,
15771,1002,6,30.0,
15772,1002,9,10.0,
15773,1002,210,0.0,
15774,1002,10,14.0,
15775,1002,4,4.0,
15776,1002,3,3.0,
15777,1002,15,0.0,
15778,1002,1,0.0,
15779,1002,5,0.0,
15780,1003,131,37.0,
15781,1003,9,26.0,
15782,1003,6,25.0,
15783,1003,1,6.0,
15784,1003,4,5.0,
15785,1003,15,2.0,
15786,1003,5,0.0,
15787,1003,3,0.0,
15788,1003,210,0.0,
15789,1003,10,0.0,
15790,1004,131,43.0,
15791,1004,6,27.0,
15792,1004,9,18.0,
15793,1004,15,6.0,
15794,1004,210,4.0,
15795,1004,10,3.0,
15796,1004,4,0.0,
15797,1004,1,0.0,
15798,1004,3,0.0,
15799,1004,5,0.0,
15800,1005,131,43.0,
15801,1005,9,27.0,
15802,1005,6,18.0,
15803,1005,10,8.0,
15804,1005,210,4.0,
15805,1005,4,1.0,
15806,1005,5,0.0,
15807,1005,15,0.0,
15808,1005,1,0.0,
15809,1005,3,0.0,
15810,1006,6,37.0,
15811,1006,9,18.0,
15812,1006,131,25.0,
15813,1006,4,14.0,
15814,1006,10,4.0,
15815,1006,210,0.0,
15816,1006,5,2.0,
15817,1006,15,1.0,
15818,1006,1,0.0,
15819,1006,3,0.0,
15822,1007,131,22.0,
15823,1007,4,8.0,
15824,1007,15,8.0,
15825,1007,1,4.0,
15826,1007,5,1.0,
15827,1007,10,0.0,
15828,1007,3,0.0,
15829,1007,210,0.0,
15830,1008,131,35.0,
15831,1008,9,30.0,
15832,1008,6,23.0,
15833,1008,15,6.0,
15834,1008,210,6.0,
15835,1008,10,1.0,
15836,1008,5,0.0,
15837,1008,4,0.0,
15838,1008,1,0.0,
15839,1008,3,0.0,
15840,1009,131,35.0,
15841,1009,6,18.0,
15842,1009,9,27.0,
15843,1009,4,8.0,
15844,1009,15,6.0,
15845,1009,10,4.0,
15846,1009,210,3.0,
15847,1009,1,0.0,
15848,1009,5,0.0,
15849,1009,3,0.0,
15850,1010,131,44.0,
15851,1010,9,15.0,
15852,1010,6,22.0,
15853,1010,210,8.0,
15854,1010,4,6.0,
15855,1010,51,4.0,
15856,1010,211,2.0,
15857,1010,5,1.0,
15858,1010,1,0.0,
15859,1010,3,0.0,
15860,1011,131,43.0,
15861,1011,6,26.0,
15862,1011,9,16.0,
15863,1011,1,8.0,
15864,1011,51,6.0,
15865,1011,211,1.0,
15866,1011,210,0.0,
15867,1011,3,0.0,
15868,1011,4,0.0,
15869,1011,5,2.0,
15870,1012,131,43.0,
15871,1012,6,25.0,
15872,1012,9,21.0,
15873,1012,4,6.0,
15874,1012,211,4.0,
15875,1012,51,2.0,
15876,1012,5,1.0,
15877,1012,210,0.0,
15878,1012,1,0.0,
15879,1012,3,0.0,
15880,1013,131,43.0,
15881,1013,6,26.0,
15882,1013,9,12.0,
15883,1013,211,10.0,
15884,1013,1,10.0,
15885,1013,51,1.0,
15886,1013,5,0.0,
15887,1013,210,0.0,
15888,1013,4,0.0,
15889,1013,3,0.0,
15890,1014,131,44.0,
15891,1014,9,23.0,
15892,1014,6,22.0,
15893,1014,210,7.0,
15894,1014,1,4.0,
15895,1014,5,2.0,
15896,1014,4,0.0,
15897,1014,51,0.0,
15898,1014,211,0.0,
15899,1014,3,0.0,
15900,1015,131,40.0,
15901,1015,6,18.0,
15902,1015,9,23.0,
15903,1015,1,8.0,
15904,1015,5,10.0,
15905,1015,4,2.0,
15906,1015,210,1.0,
15907,1015,211,0.0,
15908,1015,3,0.0,
15909,1015,51,0.0,
15910,1016,131,38.0,
15911,1016,6,33.0,
15912,1016,9,14.0,
15913,1016,4,14.0,
15914,1016,211,2.0,
15915,1016,5,1.0,
15916,1016,1,0.0,
15917,1016,51,0.0,
15918,1016,210,0.0,
15919,1016,3,0.0,
15920,1017,131,43.0,
15921,1017,6,26.0,
15922,1017,9,13.0,
15923,1017,1,10.0,
15924,1017,4,4.0,
15925,1017,51,6.0,
15926,1017,211,0.0,
15927,1017,5,0.0,
15928,1017,210,0.0,
15929,1017,3,0.0,
15930,1018,9,32.0,
15931,1018,6,30.0,
15932,1018,131,25.0,
15933,1018,1,12.0,
15934,1018,51,3.0,
15935,1018,211,0.0,
15936,1018,4,0.0,
15937,1018,5,0.0,
15938,1018,210,0.0,
15939,1018,3,0.0,
15940,1019,131,44.0,
15941,1019,6,15.0,
15942,1019,9,22.0,
15943,1019,1,8.0,
15944,1019,4,7.0,
15945,1019,51,4.0,
15946,1019,5,2.0,
15947,1019,211,0.0,
15948,1019,3,0.0,
15949,1019,210,0.0,
15950,1020,9,26.0,
15951,1020,6,18.0,
15952,1020,5,23.0,
15953,1020,211,12.0,
15954,1020,1,10.0,
15955,1020,51,0.0,
15956,1020,210,10.0,
15957,1020,131,2.0,
15958,1020,3,1.0,
15959,1020,4,0.0,
15960,1021,131,29.0,
15961,1021,9,27.0,
15962,1021,6,27.0,
15963,1021,1,12.0,
15964,1021,51,6.0,
15965,1021,5,1.0,
15966,1021,211,0.0,
15967,1021,4,0.0,
15968,1021,210,0.0,
15969,1021,3,0.0,
15970,1022,6,38.0,
15971,1022,131,33.0,
15972,1022,9,10.0,
15973,1022,211,9.0,
15974,1022,5,8.0,
15975,1022,4,4.0,
15976,1022,1,0.0,
15977,1022,210,0.0,
15978,1022,3,0.0,
15979,1022,51,0.0,
15980,1023,6,25.0,
15981,1023,131,34.0,
15982,1023,4,22.0,
15983,1023,9,12.0,
15984,1023,211,6.0,
15985,1023,51,2.0,
15986,1023,1,1.0,
15987,1023,5,0.0,
15988,1023,3,0.0,
15989,1023,210,0.0,
15990,1024,6,43.0,
15991,1024,9,23.0,
15992,1024,131,22.0,
15993,1024,1,6.0,
15994,1024,5,4.0,
15995,1024,4,2.0,
15996,1024,51,1.0,
15997,1024,210,0.0,
15998,1024,211,0.0,
15999,1024,3,0.0,
16000,1025,131,44.0,
16001,1025,6,15.0,
16002,1025,9,22.0,
16003,1025,1,12.0,
16004,1025,211,6.0,
16005,1025,210,2.0,
16006,1025,4,1.0,
16007,1025,5,0.0,
16008,1025,51,0.0,
16009,1025,3,0.0,
16010,1026,131,41.0,
16011,1026,6,26.0,
16012,1026,9,12.0,
16013,1026,1,10.0,
16014,1026,4,0.0,
16015,1026,5,7.0,
16016,1026,211,6.0,
16017,1026,51,0.0,
16018,1026,210,0.0,
16019,1026,3,0.0,
16020,1027,131,40.0,
16021,1027,6,31.0,
16022,1027,9,18.0,
16023,1027,211,6.0,
16024,1027,4,5.0,
16025,1027,5,2.0,
16026,1027,1,0.0,
16027,1027,51,0.0,
16028,1027,210,0.0,
16029,1027,3,0.0,
16030,1028,131,43.0,
16031,1028,9,25.0,
16032,1028,6,13.0,
16033,1028,4,10.0,
16034,1028,1,10.0,
16035,1028,211,1.0,
16036,1028,51,0.0,
16037,1028,5,0.0,
16038,1028,210,0.0,
16039,1028,3,0.0,
16040,1029,9,25.0,
16041,1029,5,19.0,
16042,1029,1,19.0,
16043,1029,51,22.0,
16044,1029,4,8.0,
16045,1029,131,6.0,
16046,1029,211,2.0,
16047,1029,210,0.0,
16048,1029,3,0.0,
16049,1029,6,0.0,
16050,1030,131,38.0,
16051,1030,9,26.0,
16052,1030,6,25.0,
16053,1030,211,6.0,
16054,1030,1,5.0,
16055,1030,5,2.0,
16056,1030,4,0.0,
16057,1030,51,0.0,
16058,1030,210,0.0,
16059,1030,3,0.0,
16060,1031,131,37.0,
16061,1031,6,19.0,
16062,1031,1,26.0,
16063,1031,211,8.0,
16064,1031,213,6.0,
16065,1031,4,4.0,
16066,1031,51,2.0,
16067,1031,3,0.0,
16068,1031,9,0.0,
16069,1031,210,0.0,
16070,1032,131,43.0,
16071,1032,9,27.0,
16072,1032,1,13.0,
16073,1032,211,14.0,
16074,1032,4,4.0,
16075,1032,213,1.0,
16076,1032,51,0.0,
16077,1032,210,0.0,
16078,1032,3,0.0,
16079,1032,6,0.0,
16080,1033,131,41.0,
16081,1033,9,28.0,
16082,1033,211,18.0,
16083,1033,6,8.0,
16084,1033,4,4.0,
16085,1033,210,1.0,
16086,1033,1,2.0,
16087,1033,213,0.0,
16088,1033,51,0.0,
16089,1033,3,0.0,
16090,1034,131,25.0,
16091,1034,9,23.0,
16092,1034,6,16.0,
16093,1034,4,20.0,
16094,1034,1,10.0,
16095,1034,213,6.0,
16096,1034,211,2.0,
16097,1034,3,0.0,
16098,1034,51,0.0,
16099,1034,210,0.0,
16100,1035,9,35.0,
16101,1035,131,34.0,
16102,1035,6,12.0,
16103,1035,211,14.0,
16104,1035,4,4.0,
16105,1035,1,2.0,
16106,1035,213,1.0,
16107,1035,51,0.0,
16108,1035,210,0.0,
16109,1035,3,0.0,
16110,1036,131,41.0,
16111,1036,9,22.0,
16112,1036,211,22.0,
16113,1036,1,9.0,
16114,1036,6,6.0,
16115,1036,213,2.0,
16116,1036,4,0.0,
16117,1036,51,0.0,
16118,1036,210,0.0,
16119,1036,3,0.0,
16120,1037,131,43.0,
16121,1037,9,23.0,
16122,1037,4,23.0,
16123,1037,1,6.0,
16124,1037,213,4.0,
16125,1037,211,3.0,
16126,1037,51,0.0,
16127,1037,6,0.0,
16128,1037,210,0.0,
16129,1037,3,0.0,
16130,1038,213,27.0,
16131,1038,1,30.0,
16132,1038,211,16.0,
16133,1038,131,17.0,
16134,1038,4,12.0,
16135,1038,3,0.0,
16136,1038,210,0.0,
16137,1038,51,0.0,
16138,1038,9,0.0,
16139,1038,6,0.0,
16140,1039,131,44.0,
16141,1039,9,15.0,
16142,1039,4,12.0,
16143,1039,211,10.0,
16144,1039,1,8.0,
16145,1039,213,6.0,
16146,1039,6,5.0,
16147,1039,51,2.0,
16148,1039,3,0.0,
16149,1039,210,0.0,
16150,1040,131,41.0,
16151,1040,9,19.0,
16152,1040,211,12.0,
16153,1040,4,16.0,
16154,1040,6,8.0,
16155,1040,213,6.0,
16156,1040,51,0.0,
16157,1040,210,0.0,
16158,1040,1,0.0,
16159,1040,3,0.0,
16160,1041,131,25.0,
16161,1041,9,19.0,
16162,1041,4,15.0,
16163,1041,211,16.0,
16164,1041,1,10.0,
16165,1041,213,8.0,
16166,1041,6,6.0,
16167,1041,210,2.0,
16168,1041,51,1.0,
16169,1041,3,0.0,
16170,1042,131,44.0,
16171,1042,9,15.0,
16172,1042,6,13.0,
16173,1042,213,10.0,
16174,1042,1,8.0,
16175,1042,211,6.0,
16176,1042,4,6.0,
16177,1042,51,0.0,
16178,1042,3,0.0,
16179,1042,210,0.0,
16180,1043,131,44.0,
16181,1043,4,15.0,
16182,1043,213,12.0,
16183,1043,6,10.0,
16184,1043,211,8.0,
16185,1043,1,10.0,
16186,1043,51,3.0,
16187,1043,3,0.0,
16188,1043,210,0.0,
16189,1043,9,0.0,
16190,1044,131,25.0,
16191,1044,211,20.0,
16192,1044,6,27.0,
16193,1044,1,15.0,
16194,1044,9,14.0,
16195,1044,4,1.0,
16196,1044,213,0.0,
16197,1044,51,0.0,
16198,1044,3,0.0,
16199,1044,210,0.0,
16200,1045,131,29.0,
16201,1045,9,34.0,
16202,1045,1,22.0,
16203,1045,213,8.0,
16204,1045,4,8.0,
16205,1045,6,1.0,
16206,1045,3,0.0,
16207,1045,51,0.0,
16208,1045,210,0.0,
16209,1045,211,0.0,
16210,1046,211,40.0,
16211,1046,4,28.0,
16212,1046,1,13.0,
16213,1046,9,8.0,
16214,1046,213,6.0,
16215,1046,131,7.0,
16216,1046,6,0.0,
16217,1046,51,0.0,
16218,1046,210,0.0,
16219,1046,3,0.0,
16220,1047,9,37.0,
16221,1047,131,33.0,
16222,1047,1,18.0,
16223,1047,4,9.0,
16224,1047,213,4.0,
16225,1047,211,1.0,
16226,1047,51,0.0,
16227,1047,6,0.0,
16228,1047,3,0.0,
16229,1047,210,0.0,
16230,1052,131,41.0,
16231,1052,9,28.0,
16232,1052,1,18.0,
16233,1052,6,12.0,
16234,1052,213,2.0,
16235,1052,117,1.0,
16236,1052,51,0.0,
16237,1052,214,0.0,
16238,1052,3,0.0,
16239,1052,210,0.0,
16240,1053,9,25.0,
16241,1053,131,19.0,
16242,1053,1,23.0,
16243,1053,6,22.0,
16244,1053,117,4.0,
16245,1053,213,6.0,
16246,1053,51,0.0,
16247,1053,214,3.0,
16248,1053,210,0.0,
16249,1053,3,0.0,
16250,1054,131,41.0,
16251,1054,9,30.0,
16252,1054,1,12.0,
16253,1054,6,8.0,
16254,1054,214,10.0,
16255,1054,213,1.0,
16256,1054,51,0.0,
16257,1054,117,0.0,
16258,1054,3,0.0,
16259,1054,210,0.0,
16260,1055,131,40.0,
16261,1055,9,29.0,
16262,1055,6,18.0,
16263,1055,1,12.0,
16264,1055,214,2.0,
16265,1055,213,1.0,
16266,1055,117,0.0,
16267,1055,51,0.0,
16268,1055,3,0.0,
16269,1055,210,0.0,
16270,1056,6,18.0,
16271,1056,9,37.0,
16272,1056,1,15.0,
16273,1056,117,14.0,
16274,1056,213,8.0,
16275,1056,131,7.0,
16276,1056,214,2.0,
16277,1056,51,1.0,
16278,1056,3,0.0,
16279,1056,210,0.0,
16280,1057,9,25.0,
16281,1057,117,18.0,
16282,1057,213,21.0,
16283,1057,6,16.0,
16284,1057,1,12.0,
16285,1057,214,8.0,
16286,1057,51,1.0,
16287,1057,131,0.0,
16288,1057,210,0.0,
16289,1057,3,0.0,
16290,1059,9,41.0,
16291,1059,131,30.0,
16292,1059,1,18.0,
16293,1059,213,6.0,
16294,1059,214,4.0,
16295,1059,117,3.0,
16296,1059,6,0.0,
16297,1059,3,0.0,
16298,1059,51,0.0,
16299,1059,210,0.0,
16300,1058,9,37.0,
16301,1058,131,34.0,
16302,1058,1,10.0,
16303,1058,6,14.0,
16304,1058,117,4.0,
16305,1058,214,2.0,
16306,1058,213,1.0,
16307,1058,51,0.0,
16308,1058,210,0.0,
16309,1058,3,0.0,
16310,1060,9,34.0,
16311,1060,131,30.0,
16312,1060,1,21.0,
16313,1060,6,14.0,
16314,1060,213,2.0,
16315,1060,214,1.0,
16316,1060,3,0.0,
16317,1060,117,0.0,
16318,1060,51,0.0,
16319,1060,210,0.0,
16320,1061,131,43.0,
16321,1061,6,26.0,
16322,1061,1,22.0,
16323,1061,214,8.0,
16324,1061,117,4.0,
16325,1061,213,1.0,
16326,1061,3,0.0,
16327,1061,51,0.0,
16328,1061,9,3.0,
16329,1061,210,0.0,
16330,1062,214,37.0,
16331,1062,117,0.0,
16332,1062,131,18.0,
16333,1062,6,15.0,
16334,1062,213,19.0,
16335,1062,3,10.0,
16336,1062,9,2.0,
16337,1062,51,1.0,
16338,1062,1,0.0,
16339,1062,210,0.0,
16340,1063,9,12.5,
16341,1063,3,10.0,
16342,1063,131,7.5,
16343,1063,1,6.0,
16344,1063,117,5.0,
16345,1063,213,4.0,
16346,1063,214,3.0,
16347,1063,6,2.5,
16348,1063,51,0.0,
16349,1063,210,0.0,
16350,1064,9,29.0,
16351,1064,131,34.0,
16352,1064,213,12.0,
16353,1064,6,16.0,
16354,1064,214,10.0,
16355,1064,1,1.0,
16356,1064,117,0.0,
16357,1064,51,0.0,
16358,1064,3,0.0,
16359,1064,210,0.0,
16360,1065,1,45.0,
16361,1065,131,18.0,
16362,1065,6,20.0,
16363,1065,9,12.0,
16364,1065,117,6.0,
16365,1065,214,5.0,
16366,1065,3,2.0,
16367,1065,51,0.0,
16368,1065,210,0.0,
16369,1065,213,0.0,
16370,1066,131,35.0,
16371,1066,9,20.0,
16372,1066,6,15.0,
16373,1066,1,19.0,
16374,1066,214,8.0,
16375,1066,51,4.0,
16376,1066,3,1.0,
16377,1066,117,0.0,
16378,1066,213,0.0,
16379,1066,210,0.0,
16380,1067,131,36.0,
16381,1067,9,33.0,
16382,1067,6,16.0,
16383,1067,213,8.0,
16384,1067,1,6.0,
16385,1067,117,2.0,
16386,1067,214,1.0,
16387,1067,51,0.0,
16388,1067,3,0.0,
16389,1067,210,0.0,
16390,1069,9,40.0,
16391,1069,131,27.0,
16392,1069,6,18.0,
16393,1069,1,14.0,
16394,1069,213,2.0,
16395,1069,117,1.0,
16396,1069,51,0.0,
16397,1069,3,0.0,
16398,1069,210,0.0,
16399,1069,214,0.0,
16400,1070,9,40.0,
16401,1070,131,18.0,
16402,1070,213,12.0,
16403,1070,6,18.0,
16404,1070,117,6.0,
16405,1070,51,4.0,
16406,1070,214,2.0,
16407,1070,1,1.0,
16408,1070,3,0.0,
16409,1070,210,0.0,
16410,1071,131,43.0,
16411,1071,9,33.0,
16412,1071,6,19.0,
16413,1071,213,6.0,
16414,1071,214,6.0,
16415,1071,1,1.0,
16416,1071,117,0.0,
16417,1071,51,0.0,
16418,1071,3,0.0,
16419,1071,210,0.0,
16420,1051,131,25.0,
16421,1051,9,31.0,
16422,1051,214,25.0,
16423,1051,117,9.0,
16424,1051,6,10.0,
16425,1051,1,2.0,
16426,1051,213,0.0,
16427,1051,51,0.0,
16428,1051,210,0.0,
16429,1051,3,0.0,
16430,1072,131,41.0,
16431,1072,9,18.0,
16432,1072,214,12.0,
16433,1072,1,11.0,
16434,1072,213,8.0,
16435,1072,6,10.0,
16436,1072,51,2.0,
16437,1072,117,0.0,
16438,1072,3,0.0,
16439,1072,210,0.0,
16440,1073,9,26.0,
16441,1073,131,26.0,
16442,1073,6,16.0,
16443,1073,213,22.0,
16444,1073,1,6.0,
16445,1073,214,6.0,
16446,1073,117,0.0,
16447,1073,210,0.0,
16448,1073,3,0.0,
16449,1073,51,0.0,
16450,1074,6,44.0,
16451,1074,131,27.0,
16452,1074,210,10.0,
16453,1074,51,9.0,
16454,1074,214,8.0,
16455,1074,213,4.0,
16456,1074,117,0.0,
16457,1074,3,0.0,
16458,1074,1,0.0,
16459,1074,9,0.0,
16460,1075,9,37.0,
16461,1075,6,34.0,
16462,1075,131,11.0,
16463,1075,214,8.0,
16464,1075,1,6.0,
16465,1075,213,4.0,
16466,1075,210,2.0,
16467,1075,51,0.0,
16468,1075,117,0.0,
16469,1075,3,0.0,
16470,1076,6,26.0,
16471,1076,9,18.0,
16472,1076,131,27.0,
16473,1076,1,18.0,
16474,1076,214,6.0,
16475,1076,51,4.0,
16476,1076,213,2.0,
16477,1076,3,1.0,
16478,1076,117,0.0,
16479,1076,210,0.0,
16480,1077,9,58.0,
16481,1077,1,22.0,
16482,1077,131,12.0,
16483,1077,51,12.0,
16484,1077,6,20.0,
16485,1077,213,6.0,
16486,1077,117,5.0,
16487,1077,210,3.0,
16488,1077,3,0.0,
16489,1077,214,0.0,
16490,1078,9,38.0,
16491,1078,6,33.0,
16492,1078,131,18.0,
16493,1078,51,6.0,
16494,1078,214,4.0,
16495,1078,3,2.0,
16496,1078,117,1.0,
16497,1078,213,0.0,
16498,1078,1,0.0,
16499,1078,210,0.0,
16500,1079,9,44.0,
16501,1079,131,25.0,
16502,1079,6,12.0,
16503,1079,51,8.0,
16504,1079,214,8.0,
16505,1079,1,4.0,
16506,1079,213,1.0,
16507,1079,117,0.0,
16508,1079,210,0.0,
16509,1079,3,0.0,
16510,1080,9,40.0,
16511,1080,6,30.0,
16512,1080,131,14.0,
16513,1080,1,9.0,
16514,1080,214,6.0,
16515,1080,51,2.0,
16516,1080,117,1.0,
16517,1080,213,0.0,
16518,1080,3,0.0,
16519,1080,210,0.0,
16520,1081,9,44.0,
16521,1081,131,27.0,
16522,1081,213,10.0,
16523,1081,117,8.0,
16524,1081,214,7.0,
16525,1081,1,6.0,
16526,1081,51,0.0,
16527,1081,3,0.0,
16528,1081,210,0.0,
16529,1081,6,0.0,
16530,1082,9,25.0,
16531,1082,6,29.0,
16532,1082,131,27.0,
16533,1082,214,10.0,
16534,1082,51,10.0,
16535,1082,117,1.0,
16536,1082,1,0.0,
16537,1082,3,0.0,
16538,1082,213,0.0,
16539,1082,210,0.0,
16540,1083,6,37.0,
16541,1083,9,24.0,
16542,1083,131,16.0,
16543,1083,214,10.0,
16544,1083,1,8.0,
16545,1083,210,5.0,
16546,1083,117,2.0,
16547,1083,3,0.0,
16548,1083,213,0.0,
16549,1083,51,0.0,
16550,1084,6,38.0,
16551,1084,9,31.0,
16552,1084,131,33.0,
16553,1084,214,14.0,
16554,1084,210,14.0,
16555,1084,1,8.0,
16556,1084,51,0.0,
16557,1084,3,0.0,
16558,1084,117,0.0,
16559,1084,213,0.0,
16560,1085,9,37.0,
16561,1085,131,33.0,
16562,1085,6,11.0,
16563,1085,214,12.0,
16564,1085,1,8.0,
16565,1085,117,1.0,
16566,1085,213,0.0,
16567,1085,3,0.0,
16568,1085,51,0.0,
16569,1085,210,0.0,
16570,1086,9,35.0,
16571,1086,131,34.0,
16572,1086,6,20.0,
16573,1086,1,6.0,
16574,1086,214,6.0,
16575,1086,117,1.0,
16576,1086,213,0.0,
16577,1086,51,0.0,
16578,1086,210,0.0,
16579,1086,3,0.0,
16580,1087,9,44.0,
16581,1087,6,23.0,
16582,1087,131,12.0,
16583,1087,214,16.0,
16584,1087,117,4.0,
16585,1087,213,2.0,
16586,1087,3,1.0,
16587,1087,1,0.0,
16588,1087,51,0.0,
16589,1087,210,0.0,
16590,1088,9,36.0,
16591,1088,131,30.0,
16592,1088,6,19.0,
16593,1088,214,10.0,
16594,1088,1,6.0,
16595,1088,117,1.0,
16596,1088,213,0.0,
16597,1088,3,0.0,
16598,1088,210,0.0,
16599,1088,51,0.0,
16600,1089,9,34.0,
16601,1089,6,30.0,
16602,1089,131,25.0,
16603,1089,1,6.0,
16604,1089,213,4.0,
16605,1089,3,2.0,
16606,1089,51,1.0,
16607,1089,214,0.0,
16608,1089,210,0.0,
16609,1089,117,0.0,
16610,1091,9,31.0,
16611,1091,6,33.0,
16612,1091,1,22.0,
16613,1091,117,12.0,
16614,1091,131,2.0,
16615,1091,213,1.0,
16616,1091,51,0.0,
16617,1091,210,0.0,
16618,1091,214,0.0,
16619,1091,3,0.0,
16620,1092,9,43.0,
16621,1092,6,15.0,
16622,1092,214,18.0,
16623,1092,131,14.0,
16624,1092,117,8.0,
16625,1092,3,2.0,
16626,1092,1,1.0,
16627,1092,213,0.0,
16628,1092,210,0.0,
16629,1092,51,0.0,
16630,1093,9,37.0,
16631,1093,131,29.0,
16632,1093,6,15.0,
16633,1093,1,8.0,
16634,1093,117,4.0,
16635,1093,210,2.0,
16636,1093,213,1.0,
16637,1093,214,6.0,
16638,1093,51,0.0,
16639,1093,3,0.0,
16640,1094,9,40.0,
16641,1094,131,31.0,
16642,1094,6,18.0,
16643,1094,1,8.0,
16644,1094,214,4.0,
16645,1094,51,1.0,
16646,1094,213,0.0,
16647,1094,3,0.0,
16648,1094,117,0.0,
16649,1094,210,0.0,
16650,1095,131,58.0,
16651,1095,6,37.0,
16652,1095,214,14.0,
16653,1095,9,23.0,
16654,1095,51,2.0,
16655,1095,117,1.0,
16656,1095,210,1.0,
16657,1095,213,0.0,
16658,1095,3,0.0,
16659,1095,1,2.0,
16660,1096,9,40.0,
16661,1096,6,30.0,
16662,1096,131,10.0,
16663,1096,1,11.0,
16664,1096,214,6.0,
16665,1096,117,5.0,
16666,1096,213,0.0,
16667,1096,51,0.0,
16668,1096,3,0.0,
16669,1096,210,0.0,
16670,1098,9,43.0,
16671,1098,117,23.0,
16672,1098,6,12.0,
16673,1098,131,16.0,
16674,1098,51,4.0,
16675,1098,214,2.0,
16676,1098,3,1.0,
16677,1098,213,0.0,
16678,1098,210,0.0,
16679,1098,1,0.0,
16680,1099,9,44.0,
16681,1099,131,22.0,
16682,1099,117,15.0,
16683,1099,6,14.0,
16684,1099,214,6.0,
16685,1099,210,1.0,
16686,1099,213,0.0,
16687,1099,51,0.0,
16688,1099,1,0.0,
16689,1099,3,0.0,
16690,1100,9,36.0,
16691,1100,131,18.0,
16692,1100,117,27.0,
16693,1100,1,12.0,
16694,1100,210,6.0,
16695,1100,51,2.0,
16696,1100,213,1.0,
16697,1100,6,0.0,
16698,1100,214,0.0,
16699,1100,3,0.0,
16700,1101,9,57.0,
16701,1101,6,36.0,
16702,1101,117,22.0,
16703,1101,131,20.0,
16704,1101,1,2.0,
16705,1101,213,1.0,
16706,1101,3,0.0,
16707,1101,210,0.0,
16708,1101,214,0.0,
16709,1101,51,0.0,
16710,1102,9,44.0,
16711,1102,117,15.0,
16712,1102,131,20.0,
16713,1102,6,16.0,
16714,1102,214,6.0,
16715,1102,210,1.0,
16716,1102,213,0.0,
16717,1102,51,0.0,
16718,1102,3,0.0,
16719,1102,1,0.0,
16720,1104,9,25.0,
16721,1104,117,18.0,
16722,1104,214,21.0,
16723,1104,131,23.0,
16724,1104,6,12.0,
16725,1104,1,3.0,
16726,1104,51,0.0,
16727,1104,213,0.0,
16728,1104,3,0.0,
16729,1104,210,0.0,
16730,1105,9,38.0,
16731,1105,131,33.0,
16732,1105,6,10.0,
16733,1105,117,14.0,
16734,1105,214,5.0,
16735,1105,51,2.0,
16736,1105,213,0.0,
16737,1105,1,0.0,
16738,1105,210,0.0,
16739,1105,3,0.0,
16740,1106,9,34.0,
16741,1106,117,20.0,
16742,1106,131,15.0,
16743,1106,6,22.0,
16744,1106,3,6.0,
16745,1106,214,4.0,
16746,1106,51,1.0,
16747,1106,1,0.0,
16748,1106,213,0.0,
16749,1106,210,0.0,
16750,1107,9,56.0,
16751,1107,6,32.0,
16752,1107,1,12.0,
16753,1107,117,21.0,
16754,1107,131,11.0,
16755,1107,214,3.0,
16756,1107,3,0.0,
16757,1107,51,0.0,
16758,1107,213,0.0,
16759,1107,210,3.0,
16760,1108,9,34.0,
16761,1108,1,30.0,
16762,1108,131,25.0,
16763,1108,117,6.0,
16764,1108,3,4.0,
16765,1108,6,3.0,
16766,1108,51,0.0,
16767,1108,210,0.0,
16768,1108,213,0.0,
16769,1108,214,0.0,
16770,1109,9,41.0,
16771,1109,1,28.0,
16772,1109,131,20.0,
16773,1109,6,10.0,
16774,1109,117,3.0,
16775,1109,3,0.0,
16776,1109,51,0.0,
16777,1109,213,0.0,
16778,1109,210,0.0,
16779,1109,214,0.0,
16780,1110,9,51.0,
16781,1110,6,24.0,
16782,1110,131,24.0,
16783,1110,117,12.0,
16784,1110,1,16.0,
16785,1110,214,10.0,
16786,1110,213,1.0,
16787,1110,51,0.0,
16788,1110,3,0.0,
16789,1110,210,0.0,
16790,1111,9,37.0,
16791,1111,117,19.0,
16792,1111,214,16.0,
16793,1111,6,10.0,
16794,1111,131,8.0,
16795,1111,1,8.0,
16796,1111,3,4.0,
16797,1111,210,0.0,
16798,1111,213,0.0,
16799,1111,51,0.0,
16800,1112,9,43.0,
16801,1112,6,27.0,
16802,1112,131,18.0,
16803,1112,3,6.0,
16804,1112,1,4.0,
16805,1112,117,2.0,
16806,1112,51,1.0,
16807,1112,213,0.0,
16808,1112,214,0.0,
16809,1112,210,0.0,
16810,1113,6,37.0,
16811,1113,1,24.0,
16812,1113,131,16.0,
16813,1113,9,14.0,
16814,1113,214,8.0,
16815,1113,213,2.0,
16816,1113,210,1.0,
16817,1113,3,0.0,
16818,1113,51,0.0,
16819,1113,117,0.0,
16820,1114,9,26.0,
16821,1114,1,33.0,
16822,1114,6,20.0,
16823,1114,131,16.0,
16824,1114,117,4.0,
16825,1114,214,3.0,
16826,1114,213,0.0,
16827,1114,51,0.0,
16828,1114,210,0.0,
16829,1114,3,0.0,
16830,1115,9,34.0,
16831,1115,1,47.0,
16832,1115,131,21.0,
16833,1115,6,13.0,
16834,1115,117,9.0,
16835,1115,214,6.0,
16836,1115,51,6.0,
16837,1115,3,2.0,
16838,1115,210,0.0,
16839,1115,213,0.0,
16840,1116,9,49.0,
16841,1116,1,23.0,
16842,1116,6,24.0,
16843,1116,131,18.0,
16844,1116,214,10.0,
16845,1116,117,6.0,
16846,1116,213,5.0,
16847,1116,3,3.0,
16848,1116,210,0.0,
16849,1116,51,0.0,
16850,1117,9,25.0,
16851,1117,131,27.0,
16852,1117,6,27.0,
16853,1117,1,14.0,
16854,1117,213,6.0,
16855,1117,3,2.0,
16856,1117,214,1.0,
16857,1117,210,0.0,
16858,1117,51,0.0,
16859,1117,117,0.0,
16860,1118,9,51.0,
16861,1118,1,26.0,
16862,1118,117,25.0,
16863,1118,6,13.0,
16864,1118,214,7.0,
16865,1118,131,11.0,
16866,1118,213,5.0,
16867,1118,3,0.0,
16868,1118,210,0.0,
16869,1118,51,0.0,
16870,1119,9,40.0,
16871,1119,6,26.0,
16872,1119,214,12.0,
16873,1119,117,12.0,
16874,1119,131,10.0,
16875,1119,1,2.0,
16876,1119,3,0.0,
16877,1119,210,0.0,
16878,1119,213,0.0,
16879,1119,51,0.0,
16884,1120,117,7.0,
16885,1120,213,4.0,
16886,1120,214,0.0,
16887,1120,3,0.0,
16888,1120,210,0.0,
16889,1120,51,0.0,
16890,1121,9,44.0,
16891,1121,6,27.0,
16892,1121,131,16.0,
16893,1121,1,12.0,
16894,1121,117,3.0,
16895,1121,15,0.0,
16896,1121,210,0.0,
16897,1121,215,0.0,
16898,1121,3,0.0,
16899,1121,214,0.0,
16900,1122,9,43.0,
16901,1122,6,22.0,
16902,1122,1,16.0,
16903,1122,117,10.0,
16904,1122,131,10.0,
16905,1122,210,1.0,
16906,1122,3,0.0,
16907,1122,214,0.0,
16908,1122,215,0.0,
16909,1122,15,0.0,
16910,1123,6,44.0,
16911,1123,1,27.0,
16912,1123,9,10.0,
16913,1123,117,12.0,
16914,1123,215,6.0,
16915,1123,210,3.0,
16916,1123,3,0.0,
16917,1123,214,0.0,
16918,1123,15,0.0,
16919,1123,131,0.0,
16920,1124,9,44.0,
16921,1124,6,27.0,
16922,1124,1,14.0,
16923,1124,117,8.0,
16924,1124,131,8.0,
16925,1124,215,1.0,
16926,1124,210,0.0,
16927,1124,15,0.0,
16928,1124,214,0.0,
16929,1124,3,0.0,
16930,1125,9,54.0,
16931,1125,1,27.0,
16932,1125,6,31.0,
16933,1125,131,18.0,
16934,1125,117,7.0,
16935,1125,210,1.0,
16936,1125,214,0.0,
16937,1125,3,0.0,
16938,1125,15,0.0,
16939,1125,215,0.0,
16940,1126,1,28.0,
16941,1126,9,44.0,
16942,1126,6,36.0,
16943,1126,131,12.0,
16944,1126,215,12.0,
16945,1126,117,2.0,
16946,1126,214,1.0,
16947,1126,210,2.0,
16948,1126,15,0.0,
16949,1126,3,0.0,
16950,1127,9,29.0,
16951,1127,1,30.0,
16952,1127,6,25.0,
16953,1127,131,15.0,
16954,1127,117,2.0,
16955,1127,215,1.0,
16956,1127,210,0.0,
16957,1127,214,0.0,
16958,1127,15,0.0,
16959,1127,3,0.0,
16960,1128,6,40.0,
16961,1128,1,30.0,
16962,1128,131,17.0,
16963,1128,9,8.0,
16964,1128,215,4.0,
16965,1128,3,2.0,
16966,1128,214,1.0,
16967,1128,117,0.0,
16968,1128,15,0.0,
16969,1128,210,0.0,
16970,1129,9,25.0,
16971,1129,1,28.0,
16972,1129,131,28.0,
16973,1129,117,14.0,
16974,1129,215,4.0,
16975,1129,214,3.0,
16976,1129,210,0.0,
16977,1129,15,0.0,
16978,1129,6,0.0,
16979,1129,3,0.0,
16980,1130,9,29.0,
16981,1130,1,25.0,
16982,1130,131,27.0,
16983,1130,6,18.0,
16984,1130,214,3.0,
16985,1130,210,0.0,
16986,1130,117,0.0,
16987,1130,15,0.0,
16988,1130,215,0.0,
16989,1130,3,0.0,
16990,1131,131,45.0,
16991,1131,1,31.0,
16992,1131,6,21.0,
16993,1131,9,25.0,
16994,1131,210,12.0,
16995,1131,215,2.0,
16996,1131,214,1.0,
16997,1131,117,0.0,
16998,1131,3,0.0,
16999,1131,15,0.0,
17000,1132,131,25.0,
17001,1132,9,18.0,
17002,1132,1,27.0,
17003,1132,6,11.0,
17004,1132,210,8.0,
17005,1132,117,10.0,
17006,1132,3,2.0,
17007,1132,215,1.0,
17008,1132,15,0.0,
17009,1132,214,0.0,
17010,1133,1,43.0,
17011,1133,131,20.0,
17012,1133,6,20.0,
17013,1133,9,16.0,
17014,1133,215,2.0,
17015,1133,117,1.0,
17016,1133,210,0.0,
17017,1133,3,0.0,
17018,1133,15,0.0,
17019,1133,214,0.0,
17020,1134,131,25.0,
17021,1134,1,28.0,
17022,1134,6,23.0,
17023,1134,9,19.0,
17024,1134,117,4.0,
17025,1134,214,2.0,
17026,1134,215,1.0,
17027,1134,3,0.0,
17028,1134,210,0.0,
17029,1134,15,0.0,
17030,1135,1,38.0,
17031,1135,9,26.0,
17032,1135,6,25.0,
17033,1135,131,10.0,
17034,1135,214,2.0,
17035,1135,117,1.0,
17036,1135,210,0.0,
17037,1135,215,0.0,
17038,1135,3,0.0,
17039,1135,15,0.0,
17040,1136,6,37.0,
17041,1136,1,34.0,
17042,1136,131,16.0,
17043,1136,9,12.0,
17044,1136,3,2.0,
17045,1136,210,1.0,
17046,1136,117,0.0,
17047,1136,215,0.0,
17048,1136,214,0.0,
17049,1136,15,0.0,
17050,1137,1,38.0,
17051,1137,6,18.0,
17052,1137,131,17.0,
17053,1137,9,10.0,
17054,1137,117,8.0,
17055,1137,3,10.0,
17056,1137,210,1.0,
17057,1137,214,0.0,
17058,1137,215,0.0,
17059,1137,15,0.0,
17060,1138,1,40.0,
17061,1138,9,19.0,
17062,1138,131,20.0,
17063,1138,6,16.0,
17064,1138,117,4.0,
17065,1138,210,2.0,
17066,1138,3,0.0,
17067,1138,215,0.0,
17068,1138,214,0.0,
17069,1138,15,0.0,
17070,1139,6,55.0,
17071,1139,9,29.0,
17072,1139,1,28.0,
17073,1139,131,15.0,
17074,1139,210,7.0,
17075,1139,215,2.0,
17076,1139,3,1.0,
17077,1139,214,0.0,
17078,1139,117,0.0,
17079,1139,15,0.0,
17080,1140,6,41.0,
17081,1140,1,22.0,
17082,1140,131,22.0,
17083,1140,9,8.0,
17084,1140,210,8.0,
17085,1140,214,1.0,
17086,1140,117,0.0,
17087,1140,3,0.0,
17088,1140,15,0.0,
17089,1140,215,0.0,
17090,1141,9,32.0,
17091,1141,214,35.0,
17092,1141,131,16.0,
17093,1141,6,20.0,
17094,1141,1,27.0,
17095,1141,215,8.0,
17096,1141,210,0.0,
17097,1141,15,0.0,
17098,1141,117,0.0,
17099,1141,3,0.0,
17100,1142,131,43.0,
17101,1142,6,27.0,
17102,1142,9,11.0,
17103,1142,1,15.0,
17104,1142,210,4.0,
17105,1142,215,2.0,
17106,1142,117,0.0,
17107,1142,15,0.0,
17108,1142,3,0.0,
17109,1142,214,0.0,
17110,1143,9,26.0,
17111,1143,6,35.0,
17112,1143,1,32.0,
17113,1143,131,21.0,
17114,1143,214,10.0,
17115,1143,117,6.0,
17116,1143,15,4.0,
17117,1143,210,4.0,
17118,1143,215,0.0,
17119,1143,3,0.0,
17120,1144,1,26.0,
17121,1144,6,33.0,
17122,1144,131,22.0,
17123,1144,9,8.0,
17124,1144,214,6.0,
17125,1144,210,4.0,
17126,1144,117,2.0,
17127,1144,3,0.0,
17128,1144,215,0.0,
17129,1144,15,0.0,
